Branch,Gender,Product line,Unit price,Quantity,Total,Date,Time,Payment,Rating
A,Female,Health and beauty,74.69,7,548.9715,1/5/2019,13:08,Ewallet,9.1
C,Female,Electronic accessories,15.28,5,80.22,3/8/2019,10:29,Cash,9.6
A,Male,Home and lifestyle,46.33,7,340.5255,3/3/2019,13:23,Credit card,7.4
A,Male,Health and beauty,58.22,8,489.048,1/27/2019,20:33,Ewallet,8.4
A,Male,Sports and travel,86.31,7,634.3785,2/8/2019,10:37,Ewallet,5.3
C,Male,Electronic accessories,85.39,7,627.6165,3/25/2019,18:30,Ewallet,4.1
A,Female,Electronic accessories,68.84,6,433.692,2/25/2019,14:36,Ewallet,5.8
C,Female,Home and lifestyle,73.56,10,772.38,2/24/2019,11:38,Ewallet,8
A,Female,Health and beauty,36.26,2,76.146,1/10/2019,17:15,Credit card,7.2
B,Female,Food and beverages,54.84,3,172.746,2/20/2019,13:27,Credit card,5.9
B,Female,Fashion accessories,14.48,4,60.816,2/6/2019,18:07,Ewallet,4.5
B,Male,Electronic accessories,25.51,4,107.142,3/9/2019,17:03,Cash,6.8
A,Female,Electronic accessories,46.95,5,246.4875,2/12/2019,10:25,Ewallet,7.1
A,Male,Food and beverages,43.19,10,453.495,2/7/2019,16:48,Ewallet,8.2
A,Female,Health and beauty,71.38,10,749.49,3/29/2019,19:21,Cash,5.7
B,Female,Sports and travel,93.72,6,590.436,1/15/2019,16:19,Cash,4.5
A,Female,Health and beauty,68.93,7,506.6355,3/11/2019,11:03,Credit card,4.6
A,Male,Sports and travel,72.61,6,457.443,1/1/2019,10:39,Credit card,6.9
A,Male,Food and beverages,54.67,3,172.2105,1/21/2019,18:00,Credit card,8.6
B,Female,Home and lifestyle,40.3,2,84.63,3/11/2019,15:30,Ewallet,4.4
C,Male,Electronic accessories,86.04,5,451.71,2/25/2019,11:24,Ewallet,4.8
B,Male,Health and beauty,87.98,3,277.137,3/5/2019,10:40,Ewallet,5.1
B,Male,Home and lifestyle,33.2,2,69.72,3/15/2019,12:20,Credit card,4.4
A,Male,Electronic accessories,34.56,5,181.44,2/17/2019,11:15,Ewallet,9.9
A,Male,Sports and travel,88.63,3,279.1845,3/2/2019,17:36,Ewallet,6
A,Female,Home and lifestyle,52.59,8,441.756,3/22/2019,19:20,Credit card,8.5
B,Male,Fashion accessories,33.52,1,35.196,2/8/2019,15:31,Cash,6.7
A,Female,Fashion accessories,87.67,2,184.107,3/10/2019,12:17,Credit card,7.7
B,Female,Food and beverages,88.36,5,463.89,1/25/2019,19:48,Cash,9.6
A,Male,Health and beauty,24.89,9,235.2105,3/15/2019,15:36,Cash,7.4
B,Male,Fashion accessories,94.13,5,494.1825,2/25/2019,19:39,Credit card,4.8
B,Male,Sports and travel,78.07,9,737.7615,1/28/2019,12:43,Cash,4.5
B,Male,Sports and travel,83.78,8,703.752,1/10/2019,14:49,Cash,5.1
A,Male,Health and beauty,96.58,2,202.818,3/15/2019,10:12,Credit card,5.1
C,Female,Food and beverages,99.42,4,417.564,2/6/2019,10:42,Ewallet,7.5
C,Female,Sports and travel,68.12,1,71.526,1/7/2019,12:28,Ewallet,6.8
A,Male,Sports and travel,62.62,5,328.755,3/10/2019,19:15,Ewallet,7
A,Female,Electronic accessories,60.88,9,575.316,1/15/2019,17:17,Ewallet,4.7
C,Female,Health and beauty,54.92,8,461.328,3/23/2019,13:24,Ewallet,7.6
B,Male,Home and lifestyle,30.12,8,253.008,3/3/2019,13:01,Cash,7.7
B,Female,Home and lifestyle,86.72,1,91.056,1/17/2019,18:45,Ewallet,7.9
C,Male,Home and lifestyle,56.11,2,117.831,2/2/2019,10:11,Cash,6.3
B,Female,Sports and travel,69.12,6,435.456,2/8/2019,13:03,Cash,5.6
C,Female,Food and beverages,98.7,8,829.08,3/4/2019,20:39,Cash,7.6
C,Male,Health and beauty,15.37,2,32.277,3/16/2019,19:47,Cash,7.2
B,Female,Electronic accessories,93.96,4,394.632,3/9/2019,18:00,Cash,9.5
B,Male,Health and beauty,56.69,9,535.7205,2/27/2019,17:24,Credit card,8.4
B,Female,Food and beverages,20.01,9,189.0945,2/6/2019,15:47,Ewallet,4.1
B,Male,Electronic accessories,18.93,6,119.259,2/10/2019,12:45,Credit card,8.1
C,Female,Fashion accessories,82.63,10,867.615,3/19/2019,17:08,Ewallet,7.9
C,Male,Food and beverages,91.4,7,671.79,2/3/2019,10:19,Cash,9.5
A,Female,Food and beverages,44.59,5,234.0975,2/10/2019,15:10,Cash,8.5
B,Female,Fashion accessories,17.87,4,75.054,3/22/2019,14:42,Ewallet,6.5
C,Male,Fashion accessories,15.43,1,16.2015,1/25/2019,15:46,Credit card,6.1
B,Male,Home and lifestyle,16.16,2,33.936,3/7/2019,11:49,Ewallet,6.5
C,Female,Electronic accessories,85.98,8,722.232,2/28/2019,19:01,Cash,8.2
A,Male,Home and lifestyle,44.34,2,93.114,3/27/2019,11:26,Cash,5.8
A,Male,Health and beauty,89.6,8,752.64,2/7/2019,11:28,Ewallet,6.6
A,Female,Home and lifestyle,72.35,10,759.675,1/20/2019,15:55,Cash,5.4
C,Male,Electronic accessories,30.61,6,192.843,3/12/2019,20:36,Cash,9.3
C,Female,Sports and travel,24.74,3,77.931,2/15/2019,17:47,Credit card,10
C,Male,Home and lifestyle,55.73,6,351.099,2/24/2019,10:55,Ewallet,7
B,Female,Sports and travel,55.07,9,520.4115,2/3/2019,13:40,Ewallet,10
A,Male,Sports and travel,15.81,10,166.005,3/6/2019,12:27,Credit card,8.6
B,Male,Health and beauty,75.74,4,318.108,2/14/2019,14:35,Cash,7.6
A,Male,Health and beauty,15.87,10,166.635,3/13/2019,16:40,Cash,5.8
C,Female,Health and beauty,33.47,2,70.287,2/10/2019,15:43,Ewallet,6.7
B,Female,Fashion accessories,97.61,6,614.943,1/7/2019,15:01,Ewallet,9.9
A,Male,Sports and travel,78.77,10,827.085,1/24/2019,10:04,Cash,6.4
A,Female,Health and beauty,18.33,1,19.2465,2/2/2019,18:50,Cash,4.3
C,Male,Food and beverages,89.48,10,939.54,1/6/2019,12:46,Credit card,9.6
C,Male,Fashion accessories,62.12,10,652.26,2/11/2019,16:19,Cash,5.9
B,Female,Food and beverages,48.52,3,152.838,3/5/2019,18:17,Ewallet,4
C,Female,Electronic accessories,75.91,6,478.233,3/9/2019,18:21,Cash,8.7
A,Male,Home and lifestyle,74.67,9,705.6315,1/22/2019,10:55,Ewallet,9.4
C,Female,Electronic accessories,41.65,10,437.325,1/13/2019,17:04,Credit card,5.4
C,Male,Fashion accessories,49.04,9,463.428,1/9/2019,14:20,Credit card,8.6
A,Female,Fashion accessories,20.01,9,189.0945,1/12/2019,15:48,Credit card,5.7
C,Female,Food and beverages,78.31,10,822.255,3/5/2019,16:24,Ewallet,6.6
C,Female,Health and beauty,20.38,5,106.995,1/22/2019,18:56,Cash,6
C,Female,Health and beauty,99.19,6,624.897,1/21/2019,14:42,Credit card,5.5
B,Female,Food and beverages,96.68,3,304.542,1/26/2019,19:56,Ewallet,6.4
C,Male,Food and beverages,19.25,8,161.7,1/23/2019,18:37,Ewallet,6.6
C,Female,Food and beverages,80.36,4,337.512,2/23/2019,18:45,Credit card,8.3
C,Male,Sports and travel,48.91,5,256.7775,3/9/2019,10:17,Cash,6.6
C,Female,Sports and travel,83.06,7,610.491,3/5/2019,14:31,Ewallet,4
C,Male,Fashion accessories,76.52,5,401.73,3/25/2019,10:23,Cash,9.9
A,Male,Food and beverages,49.38,7,362.943,3/27/2019,20:35,Credit card,7.3
A,Male,Sports and travel,42.47,1,44.5935,1/2/2019,16:57,Cash,5.7
B,Female,Health and beauty,76.99,6,485.037,2/27/2019,17:55,Cash,6.1
C,Female,Home and lifestyle,47.38,4,198.996,1/23/2019,10:25,Cash,7.1
C,Female,Sports and travel,44.86,10,471.03,1/26/2019,19:54,Ewallet,8.2
A,Female,Sports and travel,21.98,7,161.553,1/10/2019,16:42,Ewallet,5.1
B,Male,Health and beauty,64.36,9,608.202,3/12/2019,12:09,Credit card,8.6
C,Male,Health and beauty,89.75,1,94.2375,2/6/2019,20:05,Credit card,6.6
A,Male,Electronic accessories,97.16,1,102.018,3/8/2019,20:38,Ewallet,7.2
B,Male,Health and beauty,87.87,10,922.635,3/29/2019,10:25,Ewallet,5.1
C,Female,Electronic accessories,12.45,6,78.435,2/9/2019,13:11,Cash,4.1
A,Male,Food and beverages,52.75,3,166.1625,3/23/2019,10:16,Ewallet,9.3
B,Male,Home and lifestyle,82.7,6,521.01,3/5/2019,18:14,Cash,7.4
C,Male,Fashion accessories,48.71,1,51.1455,3/26/2019,19:20,Cash,4.1
C,Male,Fashion accessories,78.55,9,742.2975,3/1/2019,13:22,Cash,7.2
C,Female,Electronic accessories,23.07,9,218.0115,2/1/2019,11:27,Cash,4.9
A,Male,Food and beverages,58.26,6,367.038,3/28/2019,16:44,Cash,9.9
B,Male,Health and beauty,30.35,7,223.0725,3/19/2019,18:19,Cash,8
A,Male,Electronic accessories,88.67,10,931.035,1/12/2019,14:50,Ewallet,7.3
C,Male,Fashion accessories,27.38,6,172.494,1/5/2019,20:54,Credit card,7.9
A,Male,Sports and travel,62.13,6,391.419,3/22/2019,20:19,Cash,7.4
C,Female,Food and beverages,33.98,9,321.111,3/24/2019,10:43,Cash,4.2
C,Male,Electronic accessories,81.97,10,860.685,3/3/2019,14:30,Cash,9.2
B,Female,Sports and travel,16.49,2,34.629,2/5/2019,11:32,Ewallet,4.6
C,Female,Health and beauty,98.21,3,309.3615,2/5/2019,10:41,Credit card,7.8
B,Female,Fashion accessories,72.84,7,535.374,2/15/2019,12:44,Cash,8.4
A,Male,Home and lifestyle,58.07,9,548.7615,1/19/2019,20:07,Ewallet,4.3
C,Female,Home and lifestyle,80.79,9,763.4655,2/1/2019,20:31,Credit card,9.5
C,Female,Fashion accessories,27.02,3,85.113,3/2/2019,13:01,Credit card,7.1
B,Male,Fashion accessories,21.94,5,115.185,3/5/2019,12:29,Ewallet,5.3
B,Male,Fashion accessories,51.36,1,53.928,1/16/2019,15:26,Ewallet,5.2
A,Female,Food and beverages,10.96,10,115.08,2/2/2019,20:48,Ewallet,6
B,Male,Home and lifestyle,53.44,2,112.224,1/20/2019,20:38,Ewallet,4.1
A,Female,Electronic accessories,99.56,8,836.304,2/14/2019,17:03,Credit card,5.2
C,Male,Sports and travel,57.12,7,419.832,1/12/2019,12:02,Credit card,6.5
B,Male,Sports and travel,99.96,9,944.622,3/9/2019,17:26,Credit card,4.2
C,Male,Home and lifestyle,63.91,8,536.844,3/13/2019,19:52,Credit card,4.6
B,Female,Fashion accessories,56.47,8,474.348,3/9/2019,14:57,Ewallet,7.3
A,Female,Home and lifestyle,93.69,7,688.6215,3/10/2019,18:44,Credit card,4.5
A,Female,Sports and travel,32.25,5,169.3125,1/27/2019,13:26,Cash,9
C,Female,Fashion accessories,31.73,9,299.8485,1/8/2019,16:17,Credit card,5.9
C,Female,Food and beverages,68.54,8,575.736,1/8/2019,15:57,Ewallet,8.5
B,Female,Sports and travel,90.28,9,853.146,2/8/2019,11:15,Ewallet,7.2
B,Female,Fashion accessories,39.62,7,291.207,1/25/2019,13:18,Cash,7.5
A,Female,Sports and travel,92.13,6,580.419,3/6/2019,20:34,Cash,8.3
B,Female,Sports and travel,34.84,4,146.328,2/10/2019,18:36,Cash,7.4
B,Male,Electronic accessories,87.45,6,550.935,2/17/2019,14:40,Credit card,8.8
C,Female,Health and beauty,81.3,6,512.19,3/8/2019,16:43,Ewallet,5.3
C,Male,Fashion accessories,90.22,3,284.193,2/18/2019,19:39,Cash,6.2
A,Female,Electronic accessories,26.31,5,138.1275,1/18/2019,20:59,Credit card,8.8
A,Female,Home and lifestyle,34.42,6,216.846,2/18/2019,15:39,Cash,9.8
B,Male,Sports and travel,51.91,10,545.055,2/16/2019,12:21,Cash,8.2
A,Male,Sports and travel,72.5,8,609,3/16/2019,19:25,Ewallet,9.2
C,Female,Sports and travel,89.8,10,942.9,1/23/2019,13:00,Credit card,5.4
C,Male,Health and beauty,90.5,10,950.25,1/25/2019,13:48,Cash,8.1
C,Female,Health and beauty,68.6,10,720.3,2/5/2019,19:57,Cash,9.1
C,Female,Food and beverages,30.41,1,31.9305,2/22/2019,10:36,Credit card,8.4
A,Female,Home and lifestyle,77.95,6,491.085,1/21/2019,16:37,Ewallet,8
C,Female,Health and beauty,46.26,6,291.438,3/8/2019,17:11,Credit card,9.5
A,Female,Fashion accessories,30.14,10,316.47,2/10/2019,12:28,Ewallet,9.2
C,Male,Health and beauty,66.14,4,277.788,3/19/2019,12:46,Credit card,5.6
B,Male,Home and lifestyle,71.86,8,603.624,3/6/2019,15:07,Credit card,6.2
A,Male,Health and beauty,32.46,8,272.664,3/27/2019,13:48,Credit card,4.9
B,Female,Fashion accessories,91.54,4,384.468,3/23/2019,19:20,Credit card,4.8
C,Male,Sports and travel,34.56,7,254.016,3/11/2019,16:07,Credit card,7.3
A,Male,Fashion accessories,83.24,9,786.618,1/29/2019,11:56,Credit card,7.4
C,Female,Food and beverages,16.48,6,103.824,2/7/2019,18:23,Ewallet,9.9
C,Female,Sports and travel,80.97,8,680.148,1/28/2019,13:05,Cash,9.3
A,Male,Food and beverages,92.29,5,484.5225,2/20/2019,15:55,Credit card,9
B,Male,Electronic accessories,72.17,1,75.7785,1/4/2019,19:40,Cash,6.1
B,Male,Home and lifestyle,50.28,5,263.97,3/7/2019,13:58,Ewallet,9.7
B,Male,Health and beauty,97.22,9,918.729,3/30/2019,14:43,Ewallet,6
B,Male,Sports and travel,93.39,6,588.357,3/27/2019,19:18,Ewallet,10
C,Female,Food and beverages,43.18,8,362.712,1/19/2019,19:39,Credit card,8.3
A,Male,Sports and travel,63.69,1,66.8745,2/25/2019,16:21,Cash,6
A,Male,Food and beverages,45.79,7,336.5565,3/13/2019,19:44,Credit card,7
C,Male,Sports and travel,76.4,2,160.44,1/30/2019,19:42,Ewallet,6.5
B,Male,Food and beverages,39.9,10,418.95,2/20/2019,15:24,Credit card,5.9
B,Male,Health and beauty,42.57,8,357.588,2/25/2019,14:12,Ewallet,5.6
C,Male,Home and lifestyle,95.58,10,1003.59,1/16/2019,13:32,Cash,4.8
A,Male,Fashion accessories,98.98,10,1039.29,2/8/2019,16:20,Credit card,8.7
A,Male,Food and beverages,51.28,6,323.064,1/19/2019,16:31,Cash,6.5
A,Male,Sports and travel,69.52,7,510.972,2/1/2019,15:10,Credit card,8.5
A,Male,Health and beauty,70.01,5,367.5525,1/3/2019,11:36,Ewallet,5.5
B,Male,Food and beverages,80.05,5,420.2625,1/26/2019,12:45,Credit card,9.4
C,Male,Electronic accessories,20.85,8,175.14,3/3/2019,19:17,Cash,6.3
B,Male,Electronic accessories,52.89,6,333.207,1/19/2019,17:34,Credit card,9.8
B,Male,Food and beverages,19.79,8,166.236,1/18/2019,12:04,Ewallet,8.7
A,Male,Home and lifestyle,33.84,9,319.788,3/21/2019,16:21,Ewallet,8.8
A,Male,Food and beverages,22.17,8,186.228,3/3/2019,17:01,Credit card,9.6
C,Female,Fashion accessories,22.51,7,165.4485,2/13/2019,10:50,Credit card,4.8
A,Male,Food and beverages,73.88,6,465.444,3/23/2019,19:16,Ewallet,4.4
C,Male,Health and beauty,86.8,3,273.42,1/28/2019,16:47,Ewallet,9.9
C,Male,Fashion accessories,64.26,7,472.311,2/9/2019,10:00,Cash,5.7
C,Male,Food and beverages,38.47,8,323.148,1/23/2019,11:51,Cash,7.7
A,Male,Sports and travel,15.5,10,162.75,3/23/2019,10:55,Ewallet,8
C,Male,Health and beauty,34.31,8,288.204,1/25/2019,15:00,Ewallet,5.7
A,Female,Sports and travel,12.34,7,90.699,3/4/2019,11:19,Credit card,6.7
B,Male,Food and beverages,18.08,3,56.952,3/5/2019,19:46,Ewallet,8
B,Female,Home and lifestyle,94.49,8,793.716,3/3/2019,19:00,Ewallet,7.5
B,Male,Home and lifestyle,46.47,4,195.174,2/8/2019,10:53,Cash,7
A,Male,Home and lifestyle,74.07,1,77.7735,2/10/2019,12:50,Ewallet,9.9
C,Female,Home and lifestyle,69.81,4,293.202,1/28/2019,20:50,Credit card,5.9
B,Female,Home and lifestyle,77.04,3,242.676,2/11/2019,10:39,Credit card,7.2
B,Female,Fashion accessories,73.52,2,154.392,1/15/2019,13:41,Ewallet,4.6
C,Female,Food and beverages,87.8,9,829.71,3/16/2019,19:08,Cash,9.2
B,Male,Home and lifestyle,25.55,4,107.31,1/26/2019,20:23,Ewallet,5.7
A,Male,Electronic accessories,32.71,5,171.7275,3/19/2019,11:30,Credit card,9.9
C,Female,Fashion accessories,74.29,1,78.0045,1/13/2019,19:30,Cash,5
C,Male,Health and beauty,43.7,2,91.77,3/26/2019,18:03,Cash,4.9
A,Female,Home and lifestyle,25.29,1,26.5545,3/23/2019,10:13,Ewallet,6.1
C,Male,Health and beauty,41.5,4,174.3,3/12/2019,19:58,Credit card,8.2
C,Female,Food and beverages,71.39,5,374.7975,2/17/2019,19:57,Credit card,5.5
C,Female,Sports and travel,19.15,6,120.645,1/29/2019,10:01,Credit card,6.8
B,Female,Electronic accessories,57.49,4,241.458,3/15/2019,11:57,Cash,6.6
C,Male,Electronic accessories,61.41,7,451.3635,1/14/2019,10:02,Cash,9.8
B,Male,Health and beauty,25.9,10,271.95,2/6/2019,14:51,Ewallet,8.7
B,Male,Home and lifestyle,17.77,5,93.2925,2/15/2019,12:42,Credit card,5.4
A,Female,Health and beauty,23.03,9,217.6335,1/3/2019,12:02,Ewallet,7.9
C,Female,Electronic accessories,66.65,9,629.8425,1/4/2019,18:19,Credit card,9.7
C,Female,Home and lifestyle,28.53,10,299.565,3/18/2019,17:38,Ewallet,7.8
B,Female,Fashion accessories,30.37,3,95.6655,3/28/2019,13:41,Ewallet,5.1
B,Female,Electronic accessories,99.73,9,942.4485,3/2/2019,19:42,Credit card,6.5
A,Male,Electronic accessories,26.23,9,247.8735,1/25/2019,20:24,Ewallet,5.9
C,Female,Food and beverages,93.26,9,881.307,1/16/2019,18:08,Cash,8.8
B,Male,Home and lifestyle,92.36,5,484.89,3/20/2019,19:17,Ewallet,4.9
B,Male,Sports and travel,46.42,3,146.223,1/4/2019,13:24,Credit card,4.4
B,Female,Sports and travel,29.61,7,217.6335,3/11/2019,15:53,Cash,6.5
A,Male,Home and lifestyle,18.28,1,19.194,3/22/2019,15:05,Credit card,8.3
B,Female,Sports and travel,24.77,5,130.0425,3/24/2019,18:27,Cash,8.5
A,Female,Electronic accessories,94.64,3,298.116,2/21/2019,16:55,Cash,5.5
B,Male,Fashion accessories,94.87,8,796.908,2/12/2019,12:58,Ewallet,8.7
B,Female,Food and beverages,57.34,3,180.621,3/10/2019,18:59,Credit card,7.9
B,Male,Electronic accessories,45.35,6,285.705,1/31/2019,13:44,Ewallet,6.1
B,Male,Food and beverages,62.08,7,456.288,3/6/2019,13:46,Ewallet,5.4
C,Male,Electronic accessories,11.81,5,62.0025,2/17/2019,18:06,Cash,9.4
C,Female,Fashion accessories,12.54,1,13.167,2/21/2019,12:38,Cash,8.2
A,Male,Food and beverages,43.25,2,90.825,3/20/2019,15:56,Cash,6.2
C,Female,Sports and travel,87.16,2,183.036,1/11/2019,14:29,Credit card,9.7
B,Male,Health and beauty,69.37,9,655.5465,1/26/2019,19:14,Ewallet,4
C,Male,Electronic accessories,37.06,4,155.652,1/31/2019,16:24,Ewallet,9.7
B,Female,Electronic accessories,90.7,6,571.41,2/26/2019,10:52,Cash,5.3
A,Female,Home and lifestyle,63.42,8,532.728,3/11/2019,12:55,Ewallet,7.4
B,Female,Fashion accessories,81.37,2,170.877,1/26/2019,19:28,Cash,6.5
B,Female,Electronic accessories,10.59,3,33.3585,3/12/2019,13:52,Credit card,8.7
B,Female,Health and beauty,84.09,9,794.6505,2/11/2019,10:54,Cash,8
B,Male,Fashion accessories,73.82,4,310.044,2/21/2019,18:31,Cash,6.7
A,Male,Health and beauty,51.94,10,545.37,3/9/2019,18:24,Ewallet,6.5
A,Female,Sports and travel,93.14,2,195.594,1/20/2019,18:09,Ewallet,4.1
C,Male,Health and beauty,17.41,5,91.4025,1/28/2019,15:16,Credit card,4.9
C,Female,Fashion accessories,44.22,5,232.155,3/5/2019,17:07,Credit card,8.6
B,Female,Electronic accessories,13.22,5,69.405,3/2/2019,19:26,Cash,4.3
A,Male,Fashion accessories,89.69,1,94.1745,1/11/2019,11:20,Ewallet,4.9
A,Male,Food and beverages,24.94,9,235.683,1/11/2019,16:49,Credit card,5.6
A,Male,Health and beauty,59.77,2,125.517,3/11/2019,12:01,Credit card,5.8
C,Male,Fashion accessories,93.2,2,195.72,2/28/2019,18:37,Credit card,6
A,Male,Home and lifestyle,62.65,4,263.13,1/5/2019,11:25,Cash,4.2
B,Male,Home and lifestyle,93.87,8,788.508,2/2/2019,18:42,Credit card,8.3
A,Male,Home and lifestyle,47.59,8,399.756,1/1/2019,14:47,Cash,5.7
B,Female,Electronic accessories,81.4,3,256.41,2/9/2019,19:43,Cash,4.8
A,Male,Fashion accessories,17.94,5,94.185,1/23/2019,14:04,Ewallet,6.8
A,Male,Electronic accessories,77.72,4,326.424,1/7/2019,16:11,Credit card,8.8
B,Male,Food and beverages,73.06,7,536.991,1/14/2019,19:06,Credit card,4.2
B,Male,Food and beverages,46.55,9,439.8975,2/2/2019,15:34,Ewallet,6.4
C,Male,Fashion accessories,35.19,10,369.495,3/17/2019,19:06,Credit card,8.4
C,Female,Sports and travel,14.39,2,30.219,3/2/2019,19:44,Credit card,7.2
A,Male,Home and lifestyle,23.75,4,99.75,3/16/2019,11:22,Cash,5.2
A,Male,Home and lifestyle,58.9,8,494.76,1/6/2019,11:23,Cash,8.9
B,Male,Fashion accessories,32.62,4,137.004,1/29/2019,14:12,Cash,9
A,Male,Electronic accessories,66.35,1,69.6675,1/31/2019,10:46,Credit card,9.7
A,Male,Home and lifestyle,25.91,6,163.233,2/5/2019,10:16,Ewallet,8.7
A,Male,Electronic accessories,32.25,4,135.45,2/13/2019,12:38,Ewallet,6.5
C,Male,Electronic accessories,65.94,4,276.948,2/7/2019,13:05,Credit card,6.9
A,Female,Electronic accessories,75.06,9,709.317,3/19/2019,13:25,Ewallet,6.2
C,Female,Fashion accessories,16.45,4,69.09,3/7/2019,14:53,Ewallet,5.6
B,Female,Fashion accessories,38.3,4,160.86,3/13/2019,19:22,Cash,5.7
A,Female,Sports and travel,22.24,10,233.52,2/9/2019,11:00,Cash,4.2
B,Male,Sports and travel,54.45,1,57.1725,2/26/2019,19:24,Ewallet,7.9
A,Female,Sports and travel,98.4,7,723.24,3/12/2019,12:43,Credit card,8.7
C,Male,Home and lifestyle,35.47,4,148.974,3/14/2019,17:22,Credit card,6.9
B,Female,Food and beverages,74.6,10,783.3,1/8/2019,20:55,Cash,9.5
A,Male,Home and lifestyle,70.74,4,297.108,1/5/2019,16:05,Credit card,4.4
A,Female,Home and lifestyle,35.54,10,373.17,1/4/2019,13:34,Ewallet,7
B,Female,Sports and travel,67.43,5,354.0075,3/6/2019,18:13,Ewallet,6.3
C,Female,Health and beauty,21.12,2,44.352,1/3/2019,19:17,Cash,9.7
A,Female,Home and lifestyle,21.54,9,203.553,1/7/2019,11:44,Credit card,8.8
A,Female,Home and lifestyle,12.03,2,25.263,1/27/2019,15:51,Cash,5.1
B,Female,Health and beauty,99.71,6,628.173,2/26/2019,16:52,Ewallet,7.9
B,Male,Fashion accessories,47.97,7,352.5795,1/7/2019,20:52,Cash,6.2
C,Female,Home and lifestyle,21.82,10,229.11,1/7/2019,17:36,Cash,7.1
C,Female,Fashion accessories,95.42,4,400.764,2/2/2019,13:23,Ewallet,6.4
C,Male,Fashion accessories,70.99,10,745.395,3/20/2019,16:28,Cash,5.7
A,Male,Sports and travel,44.02,10,462.21,3/20/2019,19:57,Credit card,9.6
A,Female,Home and lifestyle,69.96,8,587.664,2/15/2019,17:01,Credit card,6.4
C,Male,Home and lifestyle,37,1,38.85,3/6/2019,13:29,Credit card,7.9
A,Female,Sports and travel,15.34,1,16.107,1/6/2019,11:09,Cash,6.5
A,Male,Health and beauty,99.83,6,628.929,3/4/2019,15:02,Ewallet,8.5
A,Female,Health and beauty,47.67,4,200.214,3/12/2019,14:21,Cash,9.1
B,Male,Health and beauty,66.68,5,350.07,2/20/2019,18:01,Cash,7.6
C,Male,Home and lifestyle,74.86,1,78.603,3/24/2019,14:49,Cash,6.9
C,Female,Sports and travel,23.75,9,224.4375,1/31/2019,12:02,Cash,9.5
B,Female,Food and beverages,48.51,7,356.5485,1/25/2019,13:30,Credit card,5.2
A,Female,Home and lifestyle,94.88,7,697.368,2/3/2019,14:38,Cash,4.2
B,Male,Electronic accessories,40.3,10,423.15,1/24/2019,17:37,Credit card,7
C,Male,Electronic accessories,27.85,7,204.6975,3/14/2019,17:20,Ewallet,6
A,Female,Electronic accessories,62.48,1,65.604,2/18/2019,20:29,Cash,4.7
A,Female,Food and beverages,36.36,2,76.356,1/21/2019,10:00,Cash,7.1
B,Male,Health and beauty,18.11,10,190.155,3/13/2019,11:46,Ewallet,5.9
C,Female,Electronic accessories,51.92,5,272.58,3/3/2019,13:42,Cash,7.5
C,Male,Electronic accessories,28.84,4,121.128,3/29/2019,14:44,Cash,6.4
A,Male,Home and lifestyle,78.38,6,493.794,1/10/2019,14:16,Ewallet,5.8
A,Male,Home and lifestyle,60.01,4,252.042,1/25/2019,15:54,Cash,4.5
C,Female,Home and lifestyle,88.61,1,93.0405,1/19/2019,10:21,Cash,7.7
C,Male,Fashion accessories,99.82,2,209.622,1/2/2019,18:09,Credit card,6.7
B,Male,Health and beauty,39.01,1,40.9605,3/12/2019,16:46,Credit card,4.7
C,Male,Food and beverages,48.61,1,51.0405,2/25/2019,15:31,Cash,4.4
A,Female,Electronic accessories,51.19,4,214.998,3/18/2019,17:15,Credit card,4.7
B,Female,Electronic accessories,14.96,8,125.664,2/23/2019,12:29,Cash,8.6
A,Male,Electronic accessories,72.2,7,530.67,3/26/2019,20:14,Ewallet,4.3
A,Female,Sports and travel,40.23,7,295.6905,3/30/2019,13:22,Cash,9.6
A,Female,Home and lifestyle,88.79,8,745.836,2/17/2019,17:09,Cash,4.1
A,Female,Electronic accessories,26.48,3,83.412,3/21/2019,10:40,Ewallet,4.7
A,Female,Fashion accessories,81.91,2,172.011,3/5/2019,17:43,Cash,7.8
B,Male,Sports and travel,79.93,6,503.559,1/31/2019,14:04,Cash,5.5
C,Male,Fashion accessories,69.33,2,145.593,2/5/2019,19:05,Ewallet,9.7
A,Female,Food and beverages,14.23,5,74.7075,2/1/2019,10:08,Credit card,4.4
A,Female,Health and beauty,15.55,9,146.9475,3/7/2019,13:12,Cash,5
C,Female,Electronic accessories,78.13,10,820.365,2/10/2019,20:51,Cash,4.4
C,Male,Food and beverages,99.37,2,208.677,2/14/2019,17:29,Cash,5.2
C,Female,Food and beverages,21.08,3,66.402,2/9/2019,10:25,Cash,7.3
C,Male,Electronic accessories,74.79,5,392.6475,1/10/2019,11:34,Cash,4.9
C,Female,Health and beauty,29.67,7,218.0745,3/11/2019,18:58,Credit card,8.1
C,Male,Health and beauty,44.07,4,185.094,2/18/2019,16:28,Ewallet,8.4
C,Female,Food and beverages,22.93,9,216.6885,2/26/2019,20:26,Cash,5.5
C,Female,Health and beauty,39.42,1,41.391,1/18/2019,15:08,Cash,8.4
A,Male,Health and beauty,15.26,6,96.138,2/15/2019,18:03,Ewallet,9.8
A,Female,Fashion accessories,61.77,5,324.2925,3/8/2019,13:21,Cash,6.7
A,Male,Home and lifestyle,21.52,6,135.576,1/17/2019,12:48,Credit card,9.4
B,Male,Sports and travel,97.74,4,410.508,3/12/2019,19:53,Ewallet,6.4
A,Male,Food and beverages,99.78,5,523.845,3/9/2019,19:09,Cash,5.4
C,Male,Food and beverages,94.26,4,395.892,3/12/2019,16:30,Cash,8.6
B,Male,Health and beauty,51.13,4,214.746,1/25/2019,10:11,Credit card,4
A,Male,Electronic accessories,36.36,4,152.712,3/25/2019,13:07,Cash,7.6
B,Male,Home and lifestyle,22.02,9,208.089,2/7/2019,18:48,Cash,6.8
A,Male,Food and beverages,32.9,3,103.635,2/17/2019,17:27,Credit card,9.1
A,Male,Fashion accessories,77.02,5,404.355,2/3/2019,15:59,Cash,5.5
A,Male,Food and beverages,23.48,2,49.308,3/14/2019,11:21,Credit card,7.9
C,Male,Sports and travel,14.7,5,77.175,3/24/2019,13:48,Ewallet,8.5
A,Female,Electronic accessories,28.45,5,149.3625,3/21/2019,10:17,Credit card,9.1
A,Male,Fashion accessories,76.4,9,721.98,3/19/2019,15:49,Ewallet,7.5
B,Female,Sports and travel,57.95,6,365.085,2/24/2019,13:02,Cash,5.2
C,Female,Electronic accessories,47.65,3,150.0975,3/28/2019,12:58,Credit card,9.5
B,Female,Food and beverages,42.82,9,404.649,2/5/2019,15:26,Credit card,8.9
B,Male,Electronic accessories,48.09,3,151.4835,2/10/2019,18:23,Credit card,7.8
B,Female,Health and beauty,55.97,7,411.3795,3/5/2019,19:06,Ewallet,8.9
B,Female,Health and beauty,76.9,7,565.215,2/15/2019,20:21,Cash,7.7
C,Female,Food and beverages,97.03,5,509.4075,1/30/2019,16:24,Ewallet,9.3
A,Male,Sports and travel,44.65,3,140.6475,2/14/2019,15:04,Cash,6.2
A,Female,Fashion accessories,77.93,9,736.4385,2/27/2019,16:10,Ewallet,7.6
A,Male,Electronic accessories,71.95,1,75.5475,2/4/2019,12:14,Cash,7.3
C,Female,Home and lifestyle,89.25,8,749.7,1/20/2019,10:13,Cash,4.7
A,Male,Electronic accessories,26.02,7,191.247,3/28/2019,17:38,Cash,5.1
B,Female,Health and beauty,13.5,10,141.75,2/27/2019,11:06,Credit card,4.8
C,Female,Fashion accessories,99.3,10,1042.65,2/15/2019,14:53,Credit card,6.6
A,Male,Electronic accessories,51.69,7,379.9215,1/26/2019,18:22,Cash,5.5
B,Female,Fashion accessories,54.73,7,402.2655,3/14/2019,19:02,Credit card,8.5
B,Male,Home and lifestyle,27,9,255.15,3/2/2019,14:16,Cash,4.8
C,Female,Electronic accessories,30.24,1,31.752,3/4/2019,15:44,Cash,8.4
B,Female,Food and beverages,89.14,4,374.388,1/7/2019,12:20,Credit card,7.8
C,Female,Fashion accessories,37.55,10,394.275,3/8/2019,20:01,Credit card,9.3
C,Female,Sports and travel,95.44,10,1002.12,1/9/2019,13:45,Cash,5.2
B,Male,Electronic accessories,27.5,3,86.625,3/1/2019,15:40,Ewallet,6.5
B,Male,Sports and travel,74.97,1,78.7185,3/16/2019,16:58,Cash,5.6
A,Male,Food and beverages,80.96,8,680.064,2/17/2019,11:12,Credit card,7.4
C,Female,Food and beverages,94.47,8,793.548,2/27/2019,15:12,Cash,9.1
C,Male,Food and beverages,99.79,2,209.559,3/7/2019,20:37,Ewallet,8
A,Male,Home and lifestyle,73.22,6,461.286,1/21/2019,17:44,Cash,7.2
C,Female,Food and beverages,41.24,4,173.208,2/19/2019,16:23,Cash,7.1
C,Female,Fashion accessories,81.68,4,343.056,1/6/2019,12:12,Cash,9.1
C,Female,Electronic accessories,51.32,9,484.974,3/14/2019,19:33,Cash,5.6
A,Male,Home and lifestyle,65.94,4,276.948,3/24/2019,10:29,Cash,6
C,Female,Sports and travel,14.36,10,150.78,1/27/2019,14:28,Cash,5.4
A,Male,Electronic accessories,21.5,9,203.175,3/6/2019,12:46,Credit card,7.8
B,Female,Electronic accessories,26.26,7,193.011,2/2/2019,19:40,Cash,9.9
B,Female,Fashion accessories,60.96,2,128.016,1/25/2019,19:39,Credit card,4.9
C,Female,Home and lifestyle,70.11,6,441.693,3/14/2019,17:54,Ewallet,5.2
C,Male,Fashion accessories,42.08,6,265.104,1/29/2019,12:25,Cash,8.9
A,Female,Home and lifestyle,67.09,5,352.2225,1/3/2019,16:47,Credit card,9.1
A,Female,Fashion accessories,96.7,5,507.675,1/14/2019,12:52,Ewallet,7
B,Female,Home and lifestyle,35.38,9,334.341,1/5/2019,19:50,Credit card,9.6
C,Male,Sports and travel,95.49,7,701.8515,2/22/2019,18:17,Ewallet,8.7
C,Male,Fashion accessories,96.98,4,407.316,2/6/2019,17:20,Ewallet,9.4
B,Female,Electronic accessories,23.65,4,99.33,1/30/2019,13:32,Credit card,4
A,Male,Sports and travel,82.33,4,345.786,1/11/2019,10:37,Credit card,7.5
C,Female,Electronic accessories,26.61,2,55.881,3/19/2019,14:35,Cash,4.2
B,Female,Food and beverages,99.69,5,523.3725,1/14/2019,12:09,Cash,9.9
C,Female,Food and beverages,74.89,4,314.538,3/1/2019,15:32,Ewallet,4.2
A,Female,Food and beverages,40.94,5,214.935,1/6/2019,13:58,Ewallet,9.9
B,Male,Sports and travel,75.82,1,79.611,1/31/2019,13:19,Cash,5.8
C,Male,Food and beverages,46.77,6,294.651,3/11/2019,13:37,Cash,6
A,Female,Health and beauty,32.32,10,339.36,2/20/2019,16:49,Credit card,10
C,Female,Fashion accessories,54.07,9,510.9615,1/27/2019,14:55,Ewallet,9.5
B,Male,Food and beverages,18.22,7,133.917,3/10/2019,14:04,Credit card,6.6
C,Female,Fashion accessories,80.48,3,253.512,2/15/2019,12:31,Cash,8.1
B,Female,Fashion accessories,37.95,10,398.475,1/26/2019,14:51,Cash,9.7
A,Male,Electronic accessories,76.82,1,80.661,2/13/2019,18:27,Ewallet,7.2
A,Female,Sports and travel,52.26,10,548.73,3/9/2019,12:45,Credit card,6.2
A,Female,Health and beauty,79.74,1,83.727,3/6/2019,10:36,Ewallet,7.3
A,Female,Health and beauty,77.5,5,406.875,1/24/2019,20:36,Ewallet,4.3
A,Female,Food and beverages,54.27,5,284.9175,3/13/2019,14:16,Ewallet,4.6
B,Male,Home and lifestyle,13.59,9,128.4255,3/15/2019,10:26,Cash,5.8
B,Female,Health and beauty,41.06,6,258.678,3/5/2019,13:30,Credit card,8.3
B,Male,Electronic accessories,19.24,9,181.818,3/4/2019,16:28,Cash,8
C,Female,Food and beverages,39.43,6,248.409,3/25/2019,20:18,Credit card,9.4
C,Male,Home and lifestyle,46.22,4,194.124,3/12/2019,20:04,Credit card,6.2
C,Male,Home and lifestyle,13.98,1,14.679,2/4/2019,13:38,Ewallet,9.8
B,Female,Fashion accessories,39.75,5,208.6875,2/22/2019,10:43,Ewallet,9.6
C,Female,Fashion accessories,97.79,7,718.7565,2/16/2019,17:30,Ewallet,4.9
A,Male,Sports and travel,67.26,4,282.492,1/19/2019,15:28,Credit card,8
A,Male,Food and beverages,13.79,5,72.3975,1/11/2019,19:07,Credit card,7.8
B,Female,Fashion accessories,68.71,4,288.582,1/4/2019,19:01,Cash,4.1
A,Female,Home and lifestyle,56.53,4,237.426,3/4/2019,19:48,Ewallet,5.5
C,Female,Fashion accessories,23.82,5,125.055,1/28/2019,19:24,Ewallet,5.4
B,Female,Health and beauty,34.21,10,359.205,1/2/2019,13:00,Cash,5.1
B,Male,Sports and travel,21.87,2,45.927,1/25/2019,14:29,Ewallet,6.9
A,Male,Health and beauty,20.97,5,110.0925,1/4/2019,13:21,Cash,7.8
A,Male,Sports and travel,25.84,3,81.396,3/10/2019,18:55,Ewallet,6.6
A,Male,Home and lifestyle,50.93,8,427.812,3/22/2019,19:36,Ewallet,9.2
B,Male,Health and beauty,96.11,1,100.9155,1/25/2019,16:28,Ewallet,7.8
C,Female,Home and lifestyle,45.38,4,190.596,1/8/2019,13:48,Credit card,8.7
C,Female,Health and beauty,81.51,1,85.5855,1/22/2019,10:57,Ewallet,9.2
B,Female,Health and beauty,57.22,2,120.162,1/12/2019,17:13,Ewallet,8.3
A,Female,Electronic accessories,25.22,7,185.367,2/4/2019,10:23,Cash,8.2
C,Female,Food and beverages,38.6,3,121.59,3/28/2019,13:57,Ewallet,7.5
C,Female,Electronic accessories,84.05,3,264.7575,1/23/2019,13:29,Cash,9.8
C,Female,Fashion accessories,97.21,10,1020.705,2/8/2019,13:00,Credit card,8.7
B,Male,Fashion accessories,25.42,8,213.528,3/19/2019,19:42,Credit card,6.7
C,Male,Fashion accessories,16.28,1,17.094,3/9/2019,15:36,Cash,5
B,Male,Fashion accessories,40.61,9,383.7645,1/2/2019,13:40,Cash,7
A,Male,Health and beauty,53.17,7,390.7995,1/21/2019,18:01,Cash,8.9
B,Female,Food and beverages,20.87,3,65.7405,3/20/2019,13:53,Credit card,8
B,Male,Sports and travel,67.27,5,353.1675,2/27/2019,17:27,Cash,6.9
A,Female,Home and lifestyle,90.65,10,951.825,3/8/2019,10:53,Ewallet,7.3
B,Male,Fashion accessories,69.08,2,145.068,1/31/2019,19:48,Credit card,6.9
C,Male,Food and beverages,43.27,2,90.867,3/8/2019,16:53,Ewallet,5.7
A,Female,Electronic accessories,23.46,6,147.798,1/13/2019,19:14,Ewallet,6.4
B,Male,Fashion accessories,95.54,7,702.219,3/9/2019,14:36,Credit card,9.6
B,Female,Fashion accessories,47.44,1,49.812,2/22/2019,18:19,Credit card,6.8
C,Male,Sports and travel,99.24,9,937.818,3/19/2019,19:09,Ewallet,9
C,Male,Sports and travel,82.93,4,348.306,1/20/2019,16:51,Ewallet,9.6
A,Male,Home and lifestyle,33.99,6,214.137,3/8/2019,15:37,Credit card,7.7
C,Male,Food and beverages,17.04,4,71.568,3/8/2019,20:15,Ewallet,7
C,Female,Electronic accessories,40.86,8,343.224,2/7/2019,14:38,Credit card,6.5
C,Male,Food and beverages,17.44,5,91.56,1/15/2019,19:25,Cash,8.1
B,Female,Sports and travel,88.43,8,742.812,3/22/2019,19:35,Credit card,4.3
A,Female,Home and lifestyle,89.21,9,843.0345,1/15/2019,15:42,Credit card,6.5
C,Male,Fashion accessories,12.78,1,13.419,1/8/2019,14:11,Ewallet,9.5
A,Female,Sports and travel,19.1,7,140.385,1/15/2019,10:43,Cash,9.7
B,Female,Health and beauty,19.15,1,20.1075,1/28/2019,17:58,Credit card,9.5
C,Male,Food and beverages,27.66,10,290.43,2/14/2019,11:26,Credit card,8.9
C,Male,Fashion accessories,45.74,3,144.081,3/10/2019,17:38,Credit card,6.5
B,Female,Health and beauty,27.07,1,28.4235,1/12/2019,20:07,Credit card,5.3
B,Female,Sports and travel,39.12,1,41.076,3/26/2019,11:02,Credit card,9.6
B,Female,Electronic accessories,74.71,6,470.673,1/1/2019,19:07,Cash,6.7
B,Male,Electronic accessories,22.01,6,138.663,1/2/2019,18:50,Cash,7.6
A,Female,Food and beverages,63.61,5,333.9525,3/16/2019,12:43,Ewallet,4.8
A,Male,Health and beauty,25,1,26.25,3/3/2019,15:09,Ewallet,5.5
A,Male,Electronic accessories,20.77,4,87.234,1/31/2019,13:47,Cash,4.7
B,Female,Fashion accessories,29.56,5,155.19,2/13/2019,16:59,Cash,6.9
B,Female,Food and beverages,77.4,9,731.43,2/15/2019,14:15,Credit card,4.5
B,Male,Electronic accessories,79.39,10,833.595,2/7/2019,20:24,Cash,6.2
C,Female,Electronic accessories,46.57,10,488.985,1/27/2019,13:58,Cash,7.6
C,Male,Food and beverages,35.89,1,37.6845,2/23/2019,16:52,Credit card,7.9
C,Male,Food and beverages,40.52,5,212.73,2/3/2019,15:19,Cash,4.5
B,Female,Food and beverages,73.05,10,767.025,3/3/2019,12:25,Credit card,8.7
C,Female,Sports and travel,73.95,4,310.59,2/3/2019,10:02,Cash,6.1
C,Female,Food and beverages,22.62,1,23.751,3/17/2019,18:58,Cash,6.4
A,Male,Food and beverages,51.34,5,269.535,3/28/2019,15:31,Credit card,9.1
C,Female,Sports and travel,54.55,10,572.775,3/2/2019,11:22,Credit card,7.1
C,Female,Health and beauty,37.15,7,273.0525,2/8/2019,13:12,Credit card,7.7
B,Male,Sports and travel,37.02,6,233.226,3/22/2019,18:33,Cash,4.5
C,Male,Food and beverages,21.58,1,22.659,2/9/2019,10:02,Ewallet,7.2
C,Female,Electronic accessories,98.84,1,103.782,2/15/2019,11:21,Cash,8.4
C,Female,Home and lifestyle,83.77,6,527.751,1/23/2019,12:10,Ewallet,5.4
A,Female,Sports and travel,40.05,4,168.21,1/25/2019,11:40,Cash,9.7
A,Male,Fashion accessories,43.13,10,452.865,2/2/2019,18:31,Credit card,5.5
B,Male,Health and beauty,72.57,8,609.588,3/30/2019,17:58,Cash,4.6
A,Female,Electronic accessories,64.44,5,338.31,3/30/2019,17:04,Cash,6.6
A,Male,Health and beauty,65.18,3,205.317,2/25/2019,20:35,Credit card,6.3
A,Female,Sports and travel,33.26,5,174.615,3/18/2019,16:10,Credit card,4.2
C,Male,Electronic accessories,84.07,4,353.094,3/7/2019,16:54,Ewallet,4.4
B,Male,Sports and travel,34.37,10,360.885,3/16/2019,10:11,Ewallet,6.7
A,Male,Electronic accessories,38.6,1,40.53,1/29/2019,11:26,Ewallet,6.7
C,Male,Food and beverages,65.97,8,554.148,2/2/2019,20:29,Cash,8.4
C,Female,Electronic accessories,32.8,10,344.4,2/15/2019,12:12,Cash,6.2
A,Male,Sports and travel,37.14,5,194.985,1/8/2019,13:05,Ewallet,5
B,Male,Home and lifestyle,60.38,10,633.99,2/12/2019,16:19,Cash,6
C,Female,Sports and travel,36.98,10,388.29,1/1/2019,19:48,Credit card,7
B,Female,Sports and travel,49.49,4,207.858,3/21/2019,15:25,Ewallet,6.6
B,Female,Fashion accessories,41.09,10,431.445,2/28/2019,14:42,Cash,7.3
A,Male,Fashion accessories,37.15,4,156.03,3/23/2019,18:59,Ewallet,8.3
C,Male,Home and lifestyle,22.96,1,24.108,1/30/2019,20:47,Cash,4.3
B,Female,Home and lifestyle,77.68,9,734.076,2/4/2019,13:21,Ewallet,9.8
B,Female,Fashion accessories,34.7,2,72.87,3/13/2019,19:48,Ewallet,8.2
A,Female,Fashion accessories,19.66,10,206.43,3/15/2019,18:20,Credit card,7.2
B,Female,Health and beauty,25.32,8,212.688,3/5/2019,20:24,Ewallet,8.7
C,Female,Home and lifestyle,12.12,10,127.26,3/5/2019,13:44,Credit card,8.4
B,Male,Fashion accessories,99.89,2,209.769,2/26/2019,11:48,Ewallet,7.1
B,Male,Sports and travel,75.92,8,637.728,3/20/2019,14:14,Cash,5.5
C,Female,Electronic accessories,63.22,2,132.762,1/1/2019,15:51,Cash,8.5
C,Female,Food and beverages,90.24,6,568.512,1/27/2019,11:17,Cash,6.2
B,Female,Sports and travel,98.13,1,103.0365,1/21/2019,17:36,Cash,8.9
A,Female,Sports and travel,51.52,8,432.768,2/2/2019,15:47,Cash,9.6
B,Male,Sports and travel,73.97,1,77.6685,2/3/2019,15:53,Credit card,5.4
C,Female,Fashion accessories,31.9,1,33.495,1/5/2019,12:40,Ewallet,9.1
C,Male,Home and lifestyle,69.4,2,145.74,1/27/2019,19:48,Ewallet,9
B,Female,Sports and travel,93.31,2,195.951,3/25/2019,17:53,Cash,6.3
B,Male,Sports and travel,88.45,1,92.8725,2/25/2019,16:36,Credit card,9.5
A,Male,Electronic accessories,24.18,8,203.112,1/28/2019,20:54,Ewallet,9.8
B,Female,Sports and travel,48.5,3,152.775,1/8/2019,12:50,Cash,6.7
B,Female,Food and beverages,84.05,6,529.515,1/29/2019,10:48,Credit card,7.7
B,Male,Health and beauty,61.29,5,321.7725,3/29/2019,14:28,Cash,7
C,Female,Home and lifestyle,15.95,6,100.485,2/9/2019,17:15,Credit card,5.1
B,Female,Sports and travel,90.74,7,666.939,1/16/2019,18:03,Credit card,6.2
A,Female,Home and lifestyle,42.91,5,225.2775,1/5/2019,17:29,Ewallet,6.1
A,Female,Fashion accessories,54.28,7,398.958,1/27/2019,18:05,Ewallet,9.3
A,Male,Electronic accessories,99.55,7,731.6925,3/14/2019,12:07,Cash,7.6
C,Male,Sports and travel,58.39,7,429.1665,2/23/2019,19:49,Credit card,8.2
C,Female,Fashion accessories,51.47,1,54.0435,3/18/2019,15:52,Ewallet,8.5
B,Male,Health and beauty,54.86,5,288.015,3/29/2019,16:48,Ewallet,9.8
C,Male,Home and lifestyle,39.39,5,206.7975,1/22/2019,20:46,Credit card,8.7
A,Male,Home and lifestyle,34.73,2,72.933,3/1/2019,18:14,Ewallet,9.7
C,Male,Sports and travel,71.92,5,377.58,1/17/2019,15:05,Credit card,4.3
B,Female,Electronic accessories,45.71,3,143.9865,3/26/2019,10:34,Credit card,7.7
C,Female,Home and lifestyle,83.17,6,523.971,3/20/2019,11:23,Cash,7.3
A,Female,Home and lifestyle,37.44,6,235.872,2/6/2019,13:55,Credit card,5.9
C,Male,Health and beauty,62.87,2,132.027,1/1/2019,11:43,Cash,5
A,Male,Food and beverages,81.71,6,514.773,1/27/2019,14:36,Credit card,8
A,Female,Sports and travel,91.41,5,479.9025,2/25/2019,16:03,Ewallet,7.1
B,Male,Fashion accessories,39.21,4,164.682,1/16/2019,20:03,Credit card,9
B,Male,Fashion accessories,59.86,2,125.706,1/13/2019,14:55,Ewallet,6.7
B,Female,Food and beverages,54.36,10,570.78,2/7/2019,11:28,Credit card,6.1
A,Male,Sports and travel,98.09,9,926.9505,2/17/2019,19:41,Cash,9.3
A,Male,Health and beauty,25.43,6,160.209,2/12/2019,19:01,Ewallet,7
A,Male,Fashion accessories,86.68,8,728.112,1/24/2019,18:04,Credit card,7.2
B,Male,Electronic accessories,22.95,10,240.975,2/6/2019,19:20,Ewallet,8.2
C,Female,Food and beverages,16.31,9,154.1295,3/26/2019,10:31,Ewallet,8.4
A,Female,Home and lifestyle,28.32,5,148.68,3/11/2019,13:28,Ewallet,6.2
C,Male,Home and lifestyle,16.67,7,122.5245,2/7/2019,11:36,Ewallet,7.4
B,Female,Fashion accessories,73.96,1,77.658,1/5/2019,11:32,Credit card,5
A,Male,Home and lifestyle,97.94,1,102.837,3/7/2019,11:44,Ewallet,6.9
A,Female,Fashion accessories,73.05,4,306.81,2/25/2019,17:16,Credit card,4.9
C,Female,Food and beverages,87.48,6,551.124,2/1/2019,18:43,Ewallet,5.1
A,Male,Home and lifestyle,30.68,3,96.642,1/22/2019,11:00,Ewallet,9.1
C,Male,Health and beauty,75.88,1,79.674,1/3/2019,10:30,Credit card,7.1
B,Female,Sports and travel,20.18,4,84.756,2/13/2019,12:14,Credit card,5
C,Male,Electronic accessories,18.77,6,118.251,1/28/2019,16:43,Credit card,5.5
B,Female,Food and beverages,71.2,1,74.76,1/5/2019,20:40,Credit card,9.2
B,Male,Home and lifestyle,38.81,4,163.002,3/19/2019,13:40,Ewallet,4.9
A,Female,Fashion accessories,29.42,10,308.91,1/12/2019,16:23,Ewallet,8.9
A,Male,Sports and travel,60.95,9,575.9775,1/7/2019,12:08,Credit card,6
B,Female,Sports and travel,51.54,5,270.585,1/26/2019,17:45,Cash,4.2
A,Female,Electronic accessories,66.06,6,416.178,1/23/2019,10:28,Cash,7.3
B,Male,Fashion accessories,57.27,3,180.4005,2/9/2019,20:31,Ewallet,6.5
B,Female,Fashion accessories,54.31,9,513.2295,2/22/2019,10:49,Cash,8.9
B,Female,Health and beauty,58.24,9,550.368,2/5/2019,12:34,Cash,9.7
C,Male,Electronic accessories,22.21,6,139.923,3/7/2019,10:23,Credit card,8.6
A,Male,Electronic accessories,19.32,7,142.002,3/25/2019,18:51,Cash,6.9
B,Male,Home and lifestyle,37.48,3,118.062,1/20/2019,13:45,Credit card,7.7
B,Female,Fashion accessories,72.04,2,151.284,2/4/2019,19:38,Cash,9.5
C,Female,Food and beverages,98.52,10,1034.46,1/30/2019,20:23,Ewallet,4.5
A,Male,Food and beverages,41.66,6,262.458,1/2/2019,15:24,Ewallet,5.6
A,Female,Home and lifestyle,72.42,3,228.123,3/29/2019,16:54,Ewallet,8.2
B,Male,Electronic accessories,21.58,9,203.931,3/14/2019,12:32,Cash,7.3
C,Male,Food and beverages,89.2,10,936.6,2/11/2019,15:42,Credit card,4.4
B,Female,Electronic accessories,42.42,8,356.328,1/30/2019,13:58,Ewallet,5.7
A,Male,Electronic accessories,74.51,6,469.413,3/20/2019,15:08,Ewallet,5
B,Male,Fashion accessories,99.25,2,208.425,3/20/2019,13:02,Cash,9
A,Female,Food and beverages,81.21,10,852.705,1/17/2019,13:01,Credit card,6.3
C,Female,Sports and travel,49.33,10,517.965,2/3/2019,16:40,Credit card,9.4
A,Female,Fashion accessories,65.74,9,621.243,1/1/2019,13:55,Cash,7.7
B,Female,Fashion accessories,79.86,7,586.971,1/10/2019,10:33,Credit card,5.5
C,Female,Sports and travel,73.98,7,543.753,3/2/2019,16:42,Ewallet,4.1
B,Female,Home and lifestyle,82.04,5,430.71,2/25/2019,17:16,Credit card,7.6
B,Male,Sports and travel,26.67,10,280.035,1/29/2019,11:48,Cash,8.6
A,Male,Food and beverages,10.13,7,74.4555,3/10/2019,19:35,Ewallet,8.3
B,Male,Food and beverages,72.39,2,152.019,1/13/2019,19:55,Credit card,8.1
A,Male,Sports and travel,85.91,5,451.0275,3/22/2019,14:33,Credit card,8.6
B,Male,Fashion accessories,81.31,7,597.6285,3/1/2019,19:49,Ewallet,6.3
B,Male,Food and beverages,60.3,4,253.26,2/20/2019,18:43,Cash,5.8
C,Male,Food and beverages,31.77,4,133.434,1/14/2019,14:43,Ewallet,6.2
A,Female,Health and beauty,64.27,4,269.934,3/26/2019,13:54,Cash,7.7
B,Male,Health and beauty,69.51,2,145.971,3/1/2019,12:15,Ewallet,8.1
C,Male,Food and beverages,27.22,3,85.743,1/7/2019,12:37,Cash,7.3
A,Female,Health and beauty,77.68,4,326.256,2/1/2019,19:54,Cash,8.4
C,Female,Fashion accessories,92.98,2,195.258,2/13/2019,15:06,Credit card,8
B,Female,Fashion accessories,18.08,4,75.936,1/14/2019,18:03,Credit card,9.5
B,Male,Sports and travel,63.06,3,198.639,1/19/2019,15:58,Ewallet,7
A,Male,Health and beauty,51.71,4,217.182,3/9/2019,13:53,Credit card,9.8
A,Female,Food and beverages,52.34,3,164.871,3/27/2019,14:03,Cash,9.2
A,Female,Sports and travel,43.06,5,226.065,2/4/2019,16:38,Ewallet,7.7
C,Male,Fashion accessories,59.61,10,625.905,3/14/2019,11:07,Cash,5.3
A,Male,Health and beauty,14.62,5,76.755,3/4/2019,12:23,Cash,4.4
C,Male,Health and beauty,46.53,6,293.139,3/3/2019,10:54,Credit card,4.3
C,Female,Home and lifestyle,24.24,7,178.164,1/27/2019,17:38,Ewallet,9.4
A,Female,Sports and travel,45.58,1,47.859,2/7/2019,14:13,Cash,9.8
A,Female,Sports and travel,75.2,3,236.88,2/5/2019,11:51,Ewallet,4.8
B,Male,Sports and travel,96.8,3,304.92,3/15/2019,13:05,Cash,5.3
B,Male,Health and beauty,14.82,3,46.683,3/1/2019,11:30,Credit card,8.7
A,Male,Food and beverages,52.2,3,164.43,2/15/2019,13:30,Credit card,9.5
C,Female,Sports and travel,46.66,9,440.937,2/17/2019,19:11,Ewallet,5.3
C,Female,Fashion accessories,36.85,5,193.4625,1/26/2019,18:53,Cash,9.2
A,Female,Home and lifestyle,70.32,2,147.672,3/24/2019,14:22,Ewallet,9.6
C,Male,Electronic accessories,83.08,1,87.234,1/23/2019,17:16,Ewallet,6.4
C,Female,Fashion accessories,64.99,1,68.2395,1/26/2019,10:06,Credit card,4.5
C,Male,Food and beverages,77.56,10,814.38,3/14/2019,20:35,Ewallet,6.9
B,Female,Sports and travel,54.51,6,343.413,3/17/2019,13:54,Ewallet,7.8
C,Female,Fashion accessories,51.89,7,381.3915,1/8/2019,20:08,Cash,4.5
B,Male,Home and lifestyle,31.75,4,133.35,2/8/2019,15:26,Cash,8.6
A,Female,Fashion accessories,53.65,7,394.3275,2/10/2019,12:56,Ewallet,5.2
C,Female,Food and beverages,49.79,4,209.118,3/28/2019,19:16,Credit card,6.4
A,Male,Fashion accessories,30.61,1,32.1405,1/23/2019,12:20,Ewallet,5.2
B,Male,Food and beverages,57.89,2,121.569,1/17/2019,10:37,Ewallet,8.9
A,Female,Electronic accessories,28.96,1,30.408,2/7/2019,10:18,Credit card,6.2
C,Female,Food and beverages,98.97,9,935.2665,3/9/2019,11:23,Cash,6.7
B,Male,Fashion accessories,93.22,3,293.643,1/24/2019,11:45,Cash,7.2
C,Male,Sports and travel,80.93,1,84.9765,1/19/2019,16:08,Credit card,9
A,Male,Food and beverages,67.45,10,708.225,2/3/2019,11:25,Ewallet,4.2
A,Female,Sports and travel,38.72,9,365.904,3/20/2019,12:24,Ewallet,4.2
B,Male,Sports and travel,72.6,6,457.38,1/13/2019,19:51,Cash,6.9
C,Male,Electronic accessories,87.91,5,461.5275,3/14/2019,18:10,Ewallet,4.4
A,Male,Food and beverages,98.53,6,620.739,1/23/2019,11:22,Credit card,4
C,Female,Fashion accessories,43.46,6,273.798,2/7/2019,17:55,Ewallet,8.5
A,Female,Food and beverages,71.68,3,225.792,3/28/2019,15:30,Credit card,9.2
A,Female,Food and beverages,91.61,1,96.1905,3/20/2019,19:44,Cash,9.8
B,Female,Home and lifestyle,94.59,7,695.2365,1/17/2019,15:27,Credit card,4.9
B,Female,Fashion accessories,83.25,10,874.125,1/12/2019,11:25,Credit card,4.4
B,Male,Fashion accessories,91.35,1,95.9175,2/16/2019,15:42,Cash,6.8
B,Female,Food and beverages,78.88,2,165.648,1/26/2019,16:04,Cash,9.1
A,Male,Sports and travel,60.87,2,127.827,3/9/2019,12:37,Ewallet,8.7
B,Male,Health and beauty,82.58,10,867.09,3/14/2019,14:41,Cash,5
A,Male,Home and lifestyle,53.3,3,167.895,1/25/2019,14:19,Ewallet,7.5
A,Female,Fashion accessories,12.09,1,12.6945,1/26/2019,18:19,Credit card,8.2
A,Male,Sports and travel,64.19,10,673.995,1/19/2019,14:08,Credit card,6.7
A,Male,Electronic accessories,78.31,3,246.6765,3/5/2019,16:38,Ewallet,5.4
A,Male,Food and beverages,83.77,2,175.917,1/15/2019,10:54,Credit card,7
B,Male,Home and lifestyle,99.7,3,314.055,3/18/2019,11:29,Ewallet,4.7
B,Male,Food and beverages,79.91,3,251.7165,3/20/2019,19:28,Credit card,5
B,Male,Health and beauty,66.47,10,697.935,1/15/2019,15:01,Credit card,5
A,Male,Health and beauty,28.95,7,212.7825,3/3/2019,20:31,Credit card,6
C,Female,Electronic accessories,46.2,1,48.51,3/19/2019,12:16,Cash,6.3
B,Female,Food and beverages,17.63,5,92.5575,3/8/2019,15:27,Cash,8.5
B,Male,Fashion accessories,52.42,3,165.123,2/27/2019,17:36,Ewallet,7.5
B,Female,Food and beverages,98.79,3,311.1885,2/23/2019,20:00,Ewallet,6.4
C,Female,Electronic accessories,88.55,8,743.82,3/19/2019,15:29,Ewallet,4.7
B,Male,Electronic accessories,55.67,2,116.907,3/27/2019,15:08,Ewallet,6
C,Female,Food and beverages,72.52,8,609.168,3/30/2019,19:26,Credit card,4
C,Male,Electronic accessories,12.05,5,63.2625,2/16/2019,15:53,Ewallet,5.5
A,Male,Home and lifestyle,19.36,9,182.952,1/18/2019,18:43,Ewallet,8.7
C,Male,Health and beauty,70.21,6,442.323,3/30/2019,14:58,Cash,7.4
B,Male,Fashion accessories,33.63,1,35.3115,3/20/2019,19:55,Cash,5.6
C,Female,Sports and travel,15.49,2,32.529,1/16/2019,15:10,Cash,6.3
C,Male,Electronic accessories,24.74,10,259.77,2/24/2019,16:44,Cash,7.1
B,Male,Electronic accessories,75.66,5,397.215,1/15/2019,18:22,Ewallet,7.8
B,Female,Health and beauty,55.81,6,351.603,1/22/2019,11:52,Cash,9.9
A,Male,Home and lifestyle,72.78,10,764.19,2/3/2019,17:24,Cash,7.3
B,Male,Sports and travel,37.32,9,352.674,3/6/2019,15:31,Ewallet,5.1
B,Male,Fashion accessories,60.18,4,252.756,2/16/2019,18:04,Credit card,9.4
A,Female,Electronic accessories,15.69,3,49.4235,3/14/2019,14:13,Credit card,5.8
C,Female,Electronic accessories,99.69,1,104.6745,2/27/2019,10:23,Credit card,8
A,Female,Fashion accessories,88.15,3,277.6725,1/18/2019,10:11,Ewallet,7.9
A,Female,Sports and travel,27.93,5,146.6325,1/29/2019,15:48,Cash,5.9
A,Male,Fashion accessories,55.45,1,58.2225,2/26/2019,17:46,Credit card,4.9
B,Female,Sports and travel,42.97,3,135.3555,2/3/2019,11:46,Cash,9.3
C,Male,Sports and travel,17.14,7,125.979,1/16/2019,12:07,Credit card,7.9
B,Female,Fashion accessories,58.75,6,370.125,3/24/2019,18:14,Credit card,5.9
C,Female,Food and beverages,87.1,10,914.55,2/12/2019,14:45,Credit card,9.9
C,Female,Sports and travel,98.8,2,207.48,2/21/2019,11:39,Cash,7.7
A,Female,Fashion accessories,48.63,4,204.246,2/4/2019,15:44,Ewallet,7.6
B,Male,Food and beverages,57.74,3,181.881,2/20/2019,13:06,Ewallet,7.7
B,Female,Health and beauty,17.97,4,75.474,2/23/2019,20:43,Ewallet,6.4
C,Female,Health and beauty,47.71,6,300.573,2/16/2019,14:19,Ewallet,4.4
B,Female,Sports and travel,40.62,2,85.302,1/17/2019,10:01,Credit card,4.1
A,Male,Fashion accessories,56.04,10,588.42,1/14/2019,19:30,Ewallet,4.4
B,Male,Food and beverages,93.4,2,196.14,3/30/2019,16:34,Cash,5.5
B,Female,Health and beauty,73.41,3,231.2415,3/2/2019,13:10,Ewallet,4
C,Male,Health and beauty,33.64,8,282.576,2/15/2019,17:10,Credit card,9.3
A,Female,Electronic accessories,45.48,10,477.54,3/1/2019,10:22,Credit card,4.8
B,Male,Fashion accessories,83.77,2,175.917,2/24/2019,19:57,Cash,4.6
B,Female,Sports and travel,64.08,7,470.988,2/19/2019,19:29,Credit card,7.3
A,Female,Food and beverages,73.47,4,308.574,2/23/2019,18:30,Cash,6
C,Male,Health and beauty,58.95,10,618.975,2/7/2019,14:27,Ewallet,8.1
A,Male,Food and beverages,48.5,6,305.55,1/11/2019,13:57,Ewallet,9.4
B,Female,Electronic accessories,39.48,1,41.454,2/12/2019,19:43,Cash,6.5
B,Female,Sports and travel,34.81,1,36.5505,1/14/2019,10:11,Credit card,7
C,Female,Fashion accessories,49.32,6,310.716,1/9/2019,13:46,Ewallet,7.1
A,Male,Fashion accessories,21.48,2,45.108,2/27/2019,12:22,Ewallet,6.6
B,Female,Sports and travel,23.08,6,145.404,1/24/2019,19:20,Ewallet,4.9
B,Female,Home and lifestyle,49.1,2,103.11,1/8/2019,12:58,Credit card,6.4
B,Female,Sports and travel,64.83,2,136.143,1/8/2019,11:59,Credit card,8
A,Male,Home and lifestyle,63.56,10,667.38,1/16/2019,17:59,Cash,4.3
C,Male,Sports and travel,72.88,2,153.048,3/13/2019,12:51,Cash,6.1
A,Female,Food and beverages,67.1,3,211.365,2/15/2019,10:36,Cash,7.5
C,Female,Sports and travel,70.19,9,663.2955,1/25/2019,13:38,Cash,6.7
C,Male,Food and beverages,55.04,7,404.544,3/12/2019,19:39,Ewallet,5.2
A,Male,Health and beauty,48.63,10,510.615,3/4/2019,12:44,Cash,8.8
C,Female,Fashion accessories,73.38,7,539.343,2/10/2019,13:56,Cash,9.5
C,Female,Food and beverages,52.6,9,497.07,1/16/2019,14:42,Cash,7.6
A,Female,Home and lifestyle,87.37,5,458.6925,1/29/2019,19:45,Cash,6.6
A,Female,Sports and travel,27.04,4,113.568,1/1/2019,20:26,Ewallet,6.9
B,Male,Home and lifestyle,62.19,4,261.198,1/6/2019,19:46,Ewallet,4.3
A,Male,Electronic accessories,69.58,9,657.531,2/19/2019,19:38,Credit card,7.8
C,Male,Home and lifestyle,97.5,10,1023.75,1/12/2019,16:18,Ewallet,8
C,Female,Fashion accessories,60.41,8,507.444,2/7/2019,12:23,Ewallet,9.6
B,Male,Food and beverages,32.32,3,101.808,3/27/2019,19:11,Credit card,4.3
B,Female,Fashion accessories,19.77,10,207.585,2/27/2019,18:57,Credit card,5
B,Male,Health and beauty,80.47,9,760.4415,1/6/2019,11:18,Cash,9.2
B,Female,Home and lifestyle,88.39,9,835.2855,3/2/2019,12:40,Cash,6.3
B,Male,Health and beauty,71.77,7,527.5095,3/29/2019,14:06,Cash,8.9
B,Female,Electronic accessories,43,4,180.6,1/31/2019,20:48,Ewallet,7.6
C,Male,Food and beverages,68.98,1,72.429,1/21/2019,20:13,Cash,4.8
C,Male,Fashion accessories,15.62,8,131.208,1/20/2019,20:37,Ewallet,9.1
A,Male,Sports and travel,25.7,3,80.955,1/17/2019,17:59,Ewallet,6.1
A,Male,Food and beverages,80.62,6,507.906,2/28/2019,20:18,Cash,9.1
C,Female,Home and lifestyle,75.53,4,317.226,3/19/2019,15:52,Ewallet,8.3
C,Female,Electronic accessories,77.63,9,733.6035,2/19/2019,15:14,Ewallet,7.2
C,Female,Health and beauty,13.85,9,130.8825,2/4/2019,12:50,Ewallet,6
C,Male,Fashion accessories,98.7,8,829.08,1/31/2019,10:36,Ewallet,8.5
A,Female,Health and beauty,35.68,5,187.32,2/6/2019,18:33,Credit card,6.6
A,Female,Fashion accessories,71.46,7,525.231,3/28/2019,16:06,Ewallet,4.5
A,Male,Electronic accessories,11.94,3,37.611,1/19/2019,12:47,Credit card,8.1
A,Male,Fashion accessories,45.38,3,142.947,2/17/2019,13:34,Credit card,7.2
B,Female,Fashion accessories,17.48,6,110.124,1/18/2019,15:04,Credit card,6.1
B,Female,Fashion accessories,25.56,7,187.866,2/2/2019,20:42,Cash,7.1
C,Female,Sports and travel,90.63,9,856.4535,1/18/2019,15:28,Cash,5.1
B,Male,Home and lifestyle,44.12,3,138.978,3/18/2019,13:45,Credit card,7.9
C,Female,Food and beverages,36.77,7,270.2595,1/11/2019,20:10,Cash,7.4
B,Male,Food and beverages,23.34,4,98.028,2/4/2019,18:53,Ewallet,7.4
C,Female,Health and beauty,28.5,8,239.4,2/6/2019,14:24,Cash,6.6
C,Male,Home and lifestyle,55.57,3,175.0455,1/8/2019,11:42,Credit card,5.9
B,Male,Sports and travel,69.74,10,732.27,3/5/2019,17:49,Credit card,8.9
C,Male,Fashion accessories,97.26,4,408.492,3/16/2019,15:33,Ewallet,6.8
B,Female,Home and lifestyle,52.18,7,383.523,3/9/2019,10:54,Cash,9.3
A,Female,Fashion accessories,22.32,4,93.744,3/1/2019,16:23,Credit card,4.4
A,Male,Health and beauty,56,3,176.4,2/28/2019,19:33,Ewallet,4.8
A,Male,Fashion accessories,19.7,1,20.685,2/8/2019,11:39,Ewallet,9.5
B,Male,Electronic accessories,75.88,7,557.718,1/24/2019,10:38,Ewallet,8.9
B,Male,Food and beverages,53.72,1,56.406,3/1/2019,20:03,Ewallet,6.4
C,Male,Health and beauty,81.95,10,860.475,3/10/2019,12:39,Credit card,6
C,Female,Home and lifestyle,81.2,7,596.82,3/23/2019,15:59,Credit card,8.1
C,Male,Electronic accessories,58.76,10,616.98,1/29/2019,14:26,Ewallet,9
B,Male,Electronic accessories,91.56,8,769.104,1/12/2019,18:22,Ewallet,6
A,Male,Home and lifestyle,93.96,9,887.922,3/20/2019,11:32,Cash,9.8
C,Male,Home and lifestyle,55.61,7,408.7335,3/23/2019,12:41,Cash,8.5
C,Male,Food and beverages,84.83,1,89.0715,1/14/2019,15:20,Ewallet,8.8
A,Female,Sports and travel,71.63,2,150.423,2/12/2019,14:33,Ewallet,8.8
A,Male,Home and lifestyle,37.69,2,79.149,2/20/2019,15:29,Ewallet,9.5
C,Female,Sports and travel,31.67,8,266.028,1/2/2019,16:19,Credit card,5.6
C,Female,Food and beverages,38.42,1,40.341,2/2/2019,16:33,Cash,8.6
B,Male,Fashion accessories,65.23,10,684.915,1/8/2019,19:07,Credit card,5.2
C,Female,Home and lifestyle,10.53,5,55.2825,1/30/2019,14:43,Credit card,5.8
B,Female,Home and lifestyle,12.29,9,116.1405,3/26/2019,19:28,Credit card,8
C,Male,Health and beauty,81.23,7,597.0405,1/15/2019,20:44,Cash,9
B,Female,Fashion accessories,22.32,4,93.744,3/14/2019,11:16,Ewallet,4.1
A,Female,Food and beverages,27.28,5,143.22,2/3/2019,10:31,Credit card,8.6
A,Female,Electronic accessories,17.42,10,182.91,2/22/2019,12:30,Ewallet,7
B,Male,Home and lifestyle,73.28,5,384.72,1/24/2019,15:05,Ewallet,8.4
C,Female,Fashion accessories,84.87,3,267.3405,1/25/2019,18:30,Ewallet,7.4
A,Female,Fashion accessories,97.29,8,817.236,3/9/2019,13:18,Credit card,6.2
B,Female,Electronic accessories,35.74,8,300.216,2/17/2019,15:28,Ewallet,4.9
A,Female,Home and lifestyle,96.52,6,608.076,1/11/2019,11:52,Cash,4.5
A,Male,Food and beverages,18.85,10,197.925,2/27/2019,18:24,Ewallet,5.6
A,Female,Food and beverages,55.39,4,232.638,3/25/2019,15:19,Ewallet,8
B,Female,Food and beverages,77.2,10,810.6,2/11/2019,10:38,Credit card,5.6
B,Male,Electronic accessories,72.13,10,757.365,1/31/2019,15:12,Credit card,4.2
A,Female,Fashion accessories,63.88,8,536.592,1/20/2019,17:48,Ewallet,9.9
A,Female,Health and beauty,10.69,5,56.1225,3/26/2019,11:07,Ewallet,7.6
A,Male,Health and beauty,55.5,4,233.1,1/20/2019,15:48,Credit card,6.6
B,Female,Home and lifestyle,95.46,8,801.864,3/5/2019,19:40,Ewallet,4.7
C,Female,Fashion accessories,76.06,3,239.589,1/5/2019,20:30,Credit card,9.8
B,Male,Sports and travel,13.69,6,86.247,2/13/2019,13:59,Cash,6.3
B,Female,Electronic accessories,95.64,4,401.688,3/16/2019,18:51,Cash,7.9
A,Female,Home and lifestyle,11.43,6,72.009,1/15/2019,17:24,Cash,7.7
B,Female,Sports and travel,95.54,4,401.268,2/26/2019,11:58,Ewallet,4.5
C,Female,Health and beauty,85.87,7,631.1445,2/27/2019,19:01,Credit card,8
C,Female,Sports and travel,67.99,7,499.7265,2/17/2019,16:50,Ewallet,5.7
C,Female,Food and beverages,52.42,1,55.041,2/6/2019,10:22,Credit card,6.3
C,Male,Food and beverages,65.65,2,137.865,1/17/2019,16:46,Cash,6
B,Female,Food and beverages,28.86,5,151.515,1/22/2019,18:08,Credit card,8
C,Male,Health and beauty,65.31,7,480.0285,3/5/2019,18:02,Credit card,4.2
B,Male,Sports and travel,93.38,1,98.049,1/3/2019,13:07,Cash,9.6
C,Male,Sports and travel,25.25,5,132.5625,3/20/2019,17:52,Cash,6.1
B,Male,Electronic accessories,87.87,9,830.3715,1/31/2019,20:32,Ewallet,5.6
C,Male,Health and beauty,21.8,8,183.12,2/19/2019,19:24,Cash,8.3
A,Female,Sports and travel,94.76,4,397.992,2/11/2019,16:06,Ewallet,7.8
A,Female,Fashion accessories,30.62,1,32.151,2/5/2019,14:14,Credit card,4.1
C,Female,Home and lifestyle,44.01,8,369.684,3/3/2019,17:36,Cash,8.8
C,Female,Health and beauty,10.16,5,53.34,2/24/2019,13:08,Ewallet,4.1
A,Male,Electronic accessories,74.58,7,548.163,2/4/2019,16:09,Credit card,9
C,Male,Electronic accessories,71.89,8,603.876,2/19/2019,11:33,Ewallet,5.5
C,Female,Health and beauty,10.99,5,57.6975,1/23/2019,10:18,Credit card,9.3
C,Male,Health and beauty,60.47,3,190.4805,1/14/2019,10:55,Credit card,5.6
A,Male,Sports and travel,58.91,7,432.9885,1/17/2019,15:15,Ewallet,9.7
A,Male,Fashion accessories,46.41,1,48.7305,3/3/2019,20:06,Credit card,4
C,Male,Health and beauty,68.55,4,287.91,2/15/2019,20:21,Credit card,9.2
B,Female,Home and lifestyle,97.37,10,1022.385,1/15/2019,13:48,Credit card,4.9
A,Male,Electronic accessories,92.6,7,680.61,2/27/2019,12:52,Credit card,9.3
A,Female,Electronic accessories,46.61,2,97.881,2/26/2019,12:28,Credit card,6.6
B,Male,Fashion accessories,27.18,2,57.078,3/15/2019,16:26,Ewallet,4.3
C,Female,Home and lifestyle,60.87,1,63.9135,1/24/2019,13:24,Cash,5.5
A,Female,Sports and travel,24.49,10,257.145,2/22/2019,15:15,Cash,8.1
B,Male,Health and beauty,92.78,1,97.419,3/15/2019,10:50,Credit card,9.8
C,Male,Home and lifestyle,86.69,5,455.1225,2/11/2019,18:38,Ewallet,9.4
B,Male,Sports and travel,23.01,6,144.963,1/12/2019,16:45,Ewallet,7.9
C,Female,Electronic accessories,30.2,8,253.68,3/3/2019,19:30,Ewallet,5.1
C,Male,Fashion accessories,67.39,7,495.3165,3/23/2019,13:23,Ewallet,6.9
A,Female,Fashion accessories,48.96,9,462.672,3/4/2019,11:27,Cash,8
B,Female,Electronic accessories,75.59,9,714.3255,2/23/2019,11:12,Cash,8
A,Female,Home and lifestyle,77.47,4,325.374,3/17/2019,16:36,Cash,4.2
A,Female,Sports and travel,93.18,2,195.678,1/16/2019,18:41,Credit card,8.5
A,Female,Electronic accessories,50.23,4,210.966,1/8/2019,17:12,Cash,9
B,Female,Health and beauty,17.75,1,18.6375,1/14/2019,10:38,Cash,8.6
C,Female,Fashion accessories,62.18,10,652.89,1/31/2019,10:33,Ewallet,6
B,Male,Health and beauty,10.75,8,90.3,3/15/2019,14:38,Ewallet,6.2
A,Female,Electronic accessories,40.26,10,422.73,2/24/2019,18:06,Credit card,5
C,Female,Sports and travel,64.97,5,341.0925,2/8/2019,12:52,Credit card,6.5
A,Male,Electronic accessories,95.15,1,99.9075,3/22/2019,14:00,Cash,6
A,Female,Electronic accessories,48.62,8,408.408,1/24/2019,10:57,Cash,5
B,Female,Food and beverages,53.21,8,446.964,3/14/2019,16:45,Ewallet,5
C,Female,Fashion accessories,45.44,7,333.984,1/23/2019,11:15,Cash,9.2
A,Male,Food and beverages,33.88,8,284.592,1/19/2019,20:29,Ewallet,9.6
B,Male,Health and beauty,96.16,4,403.872,1/27/2019,20:03,Credit card,8.4
B,Male,Food and beverages,47.16,5,247.59,2/3/2019,14:35,Credit card,6
B,Male,Electronic accessories,52.89,4,222.138,3/25/2019,16:32,Ewallet,6.7
A,Female,Home and lifestyle,47.68,2,100.128,2/24/2019,10:10,Credit card,4.1
C,Male,Sports and travel,10.17,1,10.6785,2/7/2019,14:15,Cash,5.9
A,Female,Health and beauty,68.71,3,216.4365,3/4/2019,10:05,Cash,8.7
B,Female,Sports and travel,60.08,7,441.588,2/14/2019,11:36,Credit card,4.5
A,Female,Sports and travel,22.01,4,92.442,1/29/2019,18:15,Credit card,6.6
B,Female,Health and beauty,72.11,9,681.4395,1/28/2019,13:53,Credit card,7.7
A,Male,Fashion accessories,41.28,3,130.032,3/26/2019,18:37,Credit card,8.5
C,Male,Electronic accessories,64.95,10,681.975,3/24/2019,18:27,Cash,5.2
A,Female,Electronic accessories,74.22,10,779.31,1/1/2019,14:42,Credit card,4.3
A,Male,Electronic accessories,10.56,8,88.704,1/24/2019,17:43,Cash,7.6
B,Male,Health and beauty,62.57,4,262.794,2/25/2019,18:37,Cash,9.5
B,Female,Sports and travel,11.85,8,99.54,1/9/2019,16:34,Cash,4.1
A,Male,Health and beauty,91.3,1,95.865,2/14/2019,14:42,Ewallet,9.2
B,Female,Home and lifestyle,40.73,7,299.3655,3/12/2019,11:01,Ewallet,5.4
A,Male,Fashion accessories,52.38,1,54.999,3/26/2019,19:44,Cash,5.8
A,Male,Fashion accessories,38.54,5,202.335,1/9/2019,13:34,Ewallet,5.6
B,Male,Sports and travel,44.63,6,281.169,1/2/2019,20:08,Credit card,5.1
C,Male,Electronic accessories,55.87,10,586.635,1/15/2019,15:01,Cash,5.8
C,Female,Sports and travel,29.22,6,184.086,1/1/2019,11:40,Ewallet,5
A,Male,Fashion accessories,51.94,3,163.611,2/15/2019,15:21,Cash,7.9
B,Male,Electronic accessories,60.3,1,63.315,2/28/2019,17:38,Cash,6
A,Female,Sports and travel,39.47,2,82.887,3/2/2019,16:16,Credit card,5
C,Female,Food and beverages,14.87,2,31.227,2/13/2019,18:15,Credit card,8.9
A,Male,Fashion accessories,21.32,1,22.386,1/26/2019,12:43,Cash,5.9
A,Male,Electronic accessories,93.78,3,295.407,1/30/2019,11:32,Credit card,5.9
A,Male,Electronic accessories,73.26,1,76.923,1/27/2019,18:08,Ewallet,9.7
C,Female,Sports and travel,22.38,1,23.499,1/30/2019,17:08,Credit card,8.6
C,Female,Food and beverages,72.88,9,688.716,1/8/2019,19:38,Cash,4
A,Female,Fashion accessories,99.1,6,624.33,1/19/2019,13:11,Cash,4.2
A,Male,Fashion accessories,74.1,1,77.805,1/25/2019,11:05,Cash,9.2
A,Female,Fashion accessories,98.48,2,206.808,2/19/2019,10:12,Ewallet,9.2
C,Male,Health and beauty,53.19,7,390.9465,1/14/2019,15:42,Ewallet,5
B,Female,Electronic accessories,52.79,10,554.295,2/25/2019,11:58,Ewallet,10
A,Female,Health and beauty,95.95,5,503.7375,1/23/2019,14:21,Ewallet,8.8
B,Female,Fashion accessories,36.51,9,345.0195,2/16/2019,10:52,Cash,4.2
B,Male,Food and beverages,21.12,8,177.408,1/1/2019,19:31,Cash,6.3
A,Female,Home and lifestyle,28.31,4,118.902,3/7/2019,18:35,Cash,8.2
B,Male,Health and beauty,57.59,6,362.817,2/15/2019,13:51,Cash,5.1
A,Female,Food and beverages,47.63,9,450.1035,1/23/2019,12:35,Cash,5
C,Female,Home and lifestyle,86.27,1,90.5835,2/20/2019,13:24,Ewallet,7
A,Male,Sports and travel,12.76,2,26.796,1/8/2019,18:06,Ewallet,7.8
B,Female,Home and lifestyle,11.28,9,106.596,3/17/2019,11:55,Credit card,4.3
B,Female,Home and lifestyle,51.07,7,375.3645,1/12/2019,11:42,Cash,7
A,Female,Electronic accessories,79.59,3,250.7085,1/8/2019,14:30,Cash,6.6
C,Male,Health and beauty,33.81,3,106.5015,1/26/2019,15:11,Ewallet,7.3
B,Male,Sports and travel,90.53,8,760.452,3/15/2019,14:48,Credit card,6.5
C,Female,Health and beauty,62.82,2,131.922,1/17/2019,12:36,Ewallet,4.9
C,Male,Food and beverages,24.31,3,76.5765,1/8/2019,19:09,Credit card,4.3
A,Male,Sports and travel,64.59,4,271.278,1/6/2019,13:35,Ewallet,9.3
A,Male,Food and beverages,24.82,7,182.427,2/16/2019,10:33,Credit card,7.1
C,Male,Fashion accessories,56.5,1,59.325,3/13/2019,15:45,Ewallet,9.6
B,Female,Electronic accessories,21.43,10,225.015,1/28/2019,11:51,Cash,6.2
A,Male,Sports and travel,89.06,6,561.078,1/18/2019,17:26,Cash,9.9
A,Male,Home and lifestyle,23.29,4,97.818,3/19/2019,11:52,Credit card,5.9
C,Male,Home and lifestyle,65.26,8,548.184,3/15/2019,14:04,Ewallet,6.3
C,Male,Fashion accessories,52.35,1,54.9675,2/12/2019,17:49,Cash,4
B,Male,Electronic accessories,39.75,1,41.7375,2/25/2019,20:19,Cash,6.1
A,Female,Electronic accessories,90.02,8,756.168,3/21/2019,16:08,Credit card,4.5
B,Female,Electronic accessories,12.1,8,101.64,1/19/2019,10:17,Ewallet,8.6
B,Female,Food and beverages,33.21,10,348.705,1/8/2019,14:25,Ewallet,6
C,Female,Fashion accessories,10.18,8,85.512,3/30/2019,12:51,Credit card,9.5
B,Male,Sports and travel,31.99,10,335.895,2/20/2019,15:18,Credit card,9.9
A,Female,Home and lifestyle,34.42,6,216.846,3/30/2019,12:45,Ewallet,7.5
A,Female,Food and beverages,83.34,2,175.014,3/19/2019,13:37,Cash,7.6
A,Male,Sports and travel,45.58,7,335.013,1/13/2019,10:03,Cash,5
A,Male,Food and beverages,87.9,1,92.295,2/5/2019,19:42,Ewallet,6.7
A,Female,Electronic accessories,73.47,10,771.435,3/23/2019,13:14,Ewallet,9.5
C,Female,Fashion accessories,12.19,8,102.396,3/13/2019,12:47,Ewallet,6.8
A,Male,Sports and travel,76.92,10,807.66,3/17/2019,19:53,Ewallet,5.6
C,Female,Health and beauty,83.66,5,439.215,2/21/2019,10:26,Cash,7.2
B,Female,Electronic accessories,57.91,8,486.444,2/7/2019,15:06,Cash,8.1
C,Female,Fashion accessories,92.49,5,485.5725,3/2/2019,16:35,Credit card,8.6
B,Male,Electronic accessories,28.38,5,148.995,3/6/2019,20:57,Cash,9.4
B,Male,Electronic accessories,50.45,6,317.835,2/6/2019,15:16,Credit card,8.9
B,Male,Health and beauty,99.16,8,832.944,1/28/2019,17:47,Credit card,4.2
C,Male,Fashion accessories,60.74,7,446.439,1/18/2019,16:23,Ewallet,5
C,Female,Food and beverages,47.27,6,297.801,2/5/2019,10:17,Cash,8.8
C,Male,Health and beauty,85.6,7,629.16,3/2/2019,13:50,Cash,5.3
A,Male,Food and beverages,35.04,9,331.128,2/9/2019,19:17,Ewallet,4.6
C,Female,Electronic accessories,44.84,9,423.738,1/14/2019,14:00,Credit card,7.5
B,Male,Home and lifestyle,45.97,4,193.074,2/9/2019,12:02,Ewallet,5.1
A,Female,Health and beauty,27.73,5,145.5825,3/26/2019,20:21,Credit card,4.2
A,Male,Food and beverages,11.53,7,84.7455,1/28/2019,17:35,Cash,8.1
C,Female,Health and beauty,58.32,2,122.472,2/14/2019,12:42,Ewallet,6
C,Female,Home and lifestyle,78.38,4,329.196,3/24/2019,17:56,Cash,7.9
C,Male,Health and beauty,84.61,10,888.405,2/9/2019,18:58,Credit card,8.8
B,Female,Health and beauty,82.88,5,435.12,3/24/2019,14:08,Credit card,6.6
A,Female,Food and beverages,79.54,2,167.034,3/27/2019,16:30,Ewallet,6.2
B,Female,Home and lifestyle,49.01,10,514.605,1/27/2019,10:44,Credit card,4.2
B,Female,Food and beverages,29.15,3,91.8225,3/27/2019,20:29,Credit card,7.3
C,Female,Electronic accessories,56.13,4,235.746,1/19/2019,11:43,Ewallet,8.6
A,Female,Home and lifestyle,93.12,8,782.208,2/7/2019,10:09,Cash,6.8
A,Male,Fashion accessories,51.34,8,431.256,1/31/2019,10:00,Ewallet,7.6
A,Female,Food and beverages,99.6,3,313.74,2/25/2019,18:45,Cash,5.8
C,Female,Electronic accessories,35.49,6,223.587,2/2/2019,12:40,Cash,4.1
C,Male,Sports and travel,42.85,1,44.9925,3/14/2019,15:36,Credit card,9.3
A,Female,Fashion accessories,94.67,4,397.614,3/11/2019,12:04,Cash,6.8
B,Male,Home and lifestyle,68.97,3,217.2555,2/22/2019,11:26,Ewallet,8.7
B,Female,Electronic accessories,26.26,3,82.719,3/2/2019,12:36,Ewallet,6.3
C,Female,Home and lifestyle,35.79,9,338.2155,3/10/2019,15:06,Credit card,5.1
B,Female,Home and lifestyle,16.37,6,103.131,2/8/2019,10:58,Cash,7
C,Female,Home and lifestyle,12.73,2,26.733,2/22/2019,12:10,Credit card,5.2
C,Female,Sports and travel,83.14,7,611.079,1/10/2019,10:31,Credit card,6.6
C,Female,Sports and travel,35.22,6,221.886,3/14/2019,13:49,Ewallet,6.5
B,Female,Electronic accessories,13.78,4,57.876,1/10/2019,11:10,Ewallet,9
B,Male,Sports and travel,88.31,1,92.7255,2/15/2019,17:38,Credit card,5.2
A,Female,Health and beauty,39.62,9,374.409,1/13/2019,17:54,Credit card,6.8
B,Female,Electronic accessories,88.25,9,833.9625,2/15/2019,20:51,Credit card,7.6
B,Male,Sports and travel,25.31,2,53.151,3/2/2019,19:26,Ewallet,7.2
B,Male,Home and lifestyle,99.92,6,629.496,3/24/2019,13:33,Ewallet,7.1
C,Female,Fashion accessories,83.35,2,175.035,2/2/2019,14:05,Credit card,9.5
A,Female,Food and beverages,74.44,10,781.62,2/27/2019,11:40,Ewallet,5.1
C,Male,Health and beauty,64.08,7,470.988,1/20/2019,12:27,Ewallet,7.6
B,Female,Home and lifestyle,63.15,6,397.845,1/3/2019,20:24,Ewallet,9.8
C,Male,Home and lifestyle,85.72,3,270.018,1/24/2019,20:59,Ewallet,5.1
C,Female,Health and beauty,78.89,7,579.8415,1/5/2019,19:48,Ewallet,7.5
A,Female,Sports and travel,89.48,5,469.77,3/30/2019,10:18,Cash,7.4
A,Female,Health and beauty,92.09,3,290.0835,2/17/2019,16:27,Cash,4.2
C,Female,Food and beverages,57.29,6,360.927,3/21/2019,17:04,Ewallet,5.9
A,Male,Food and beverages,66.52,4,279.384,3/2/2019,18:14,Ewallet,6.9
C,Male,Fashion accessories,99.82,9,943.299,3/27/2019,10:43,Cash,6.6
A,Female,Home and lifestyle,45.68,10,479.64,1/19/2019,19:30,Ewallet,5.7
A,Male,Health and beauty,50.79,5,266.6475,2/19/2019,14:53,Credit card,5.3
A,Male,Health and beauty,10.08,7,74.088,3/28/2019,20:14,Cash,4.2
A,Female,Electronic accessories,93.88,7,690.018,1/5/2019,11:51,Credit card,7.3
C,Male,Electronic accessories,84.25,2,176.925,3/26/2019,14:13,Credit card,5.3
B,Male,Fashion accessories,53.78,1,56.469,2/3/2019,20:13,Ewallet,4.7
C,Male,Home and lifestyle,35.81,5,188.0025,2/6/2019,18:44,Ewallet,7.9
B,Female,Food and beverages,26.43,8,222.012,2/24/2019,14:26,Ewallet,8.9
B,Male,Health and beauty,39.91,3,125.7165,2/21/2019,12:40,Ewallet,9.3
B,Female,Home and lifestyle,21.9,3,68.985,1/9/2019,18:43,Ewallet,4.7
B,Female,Food and beverages,62.85,4,263.97,2/25/2019,13:22,Ewallet,8.7
C,Female,Food and beverages,21.04,4,88.368,1/13/2019,13:58,Cash,7.6
B,Male,Home and lifestyle,65.91,6,415.233,2/9/2019,11:45,Cash,5.7
A,Female,Fashion accessories,42.57,7,312.8895,1/6/2019,11:51,Cash,6.8
C,Male,Food and beverages,50.49,9,477.1305,1/10/2019,17:16,Cash,5.4
B,Male,Electronic accessories,46.02,6,289.926,2/7/2019,15:55,Cash,7.1
C,Female,Home and lifestyle,15.8,10,165.9,1/9/2019,12:07,Cash,7.8
A,Female,Food and beverages,98.66,9,932.337,2/19/2019,15:07,Cash,8.4
C,Male,Fashion accessories,91.98,1,96.579,3/18/2019,15:29,Cash,9.8
A,Male,Electronic accessories,20.89,2,43.869,2/5/2019,18:45,Cash,9.8
A,Female,Fashion accessories,15.5,1,16.275,3/19/2019,15:23,Credit card,7.4
C,Male,Electronic accessories,96.82,3,304.983,3/30/2019,20:37,Cash,6.7
B,Male,Food and beverages,33.33,2,69.993,1/26/2019,14:41,Credit card,6.4
B,Female,Electronic accessories,38.27,2,80.367,3/2/2019,18:18,Credit card,5.8
A,Female,Home and lifestyle,33.3,9,314.685,3/4/2019,15:27,Ewallet,7.2
A,Male,Home and lifestyle,81.01,3,255.1815,1/13/2019,12:55,Credit card,9.3
A,Female,Health and beauty,15.8,3,49.77,3/25/2019,18:02,Cash,9.5
B,Female,Electronic accessories,34.49,5,181.0725,3/11/2019,19:44,Credit card,9
B,Female,Food and beverages,84.63,10,888.615,1/1/2019,11:36,Credit card,9
B,Male,Home and lifestyle,36.91,7,271.2885,2/10/2019,13:51,Ewallet,6.7
B,Male,Electronic accessories,87.08,7,640.038,1/26/2019,15:17,Cash,5.5
A,Male,Home and lifestyle,80.08,3,252.252,2/11/2019,15:29,Cash,5.4
C,Male,Fashion accessories,86.13,2,180.873,2/7/2019,17:59,Cash,8.2
B,Male,Fashion accessories,49.92,2,104.832,3/6/2019,11:55,Credit card,7
A,Female,Food and beverages,74.66,4,313.572,3/4/2019,10:39,Cash,8.5
B,Male,Food and beverages,26.6,6,167.58,2/26/2019,15:10,Ewallet,4.9
B,Female,Electronic accessories,25.45,1,26.7225,3/10/2019,18:10,Credit card,5.1
B,Female,Food and beverages,67.77,1,71.1585,2/4/2019,20:43,Credit card,6.5
C,Male,Food and beverages,59.59,4,250.278,1/19/2019,12:46,Cash,9.8
A,Male,Health and beauty,58.15,4,244.23,1/23/2019,17:44,Cash,8.4
A,Female,Sports and travel,97.48,9,921.186,3/14/2019,14:19,Ewallet,7.4
C,Male,Health and beauty,99.96,7,734.706,1/23/2019,10:33,Cash,6.1
C,Male,Electronic accessories,96.37,7,708.3195,1/9/2019,11:40,Cash,6
B,Female,Fashion accessories,63.71,5,334.4775,2/7/2019,19:30,Ewallet,8.5
B,Female,Health and beauty,14.76,2,30.996,2/18/2019,14:42,Ewallet,4.3
B,Male,Health and beauty,62,8,520.8,1/3/2019,19:08,Credit card,6.2
C,Male,Electronic accessories,82.34,10,864.57,3/29/2019,19:12,Ewallet,4.3
B,Male,Health and beauty,75.37,8,633.108,1/28/2019,15:46,Credit card,8.4
A,Female,Food and beverages,56.56,5,296.94,3/22/2019,19:06,Credit card,4.5
B,Female,Sports and travel,76.6,10,804.3,1/24/2019,18:10,Ewallet,6
A,Male,Electronic accessories,58.03,2,121.863,3/10/2019,20:46,Ewallet,8.8
B,Male,Fashion accessories,17.49,10,183.645,2/22/2019,18:35,Ewallet,6.6
C,Female,Electronic accessories,60.95,1,63.9975,2/18/2019,11:40,Ewallet,5.9
C,Male,Health and beauty,40.35,1,42.3675,1/29/2019,13:46,Ewallet,6.2
B,Female,Home and lifestyle,97.38,10,1022.49,3/2/2019,17:16,Ewallet,4.4
A,Male,Food and beverages,31.84,1,33.432,2/9/2019,13:22,Cash,7.7
A,Male,Home and lifestyle,65.82,1,69.111,2/22/2019,15:33,Cash,4.1
A,Female,Fashion accessories,88.34,7,649.299,2/18/2019,13:28,Cash,6.6
